config,baseline,steps,normalization,intervention,success_ratio,required_success_fraction,target_component_count,target_lower_pass,target_upper_pass,target_lower_fail_below,target_upper_fail_above,target_left_censored,target_right_censored,target_log10_width,target_lr_points
jordan_quintic:steps=1:current_plus_eps:unrepaired,jordan_quintic,1,current_plus_eps,unrepaired,0.001,0.75,1,0.022239737437781862,0.5204870989490936,0.01866631227985865,0.620127652791432,False,False,1.3692803136799157,19
jordan_quintic:steps=1:current_plus_eps:unrepaired,jordan_quintic,1,current_plus_eps,unrepaired,0.001,0.9,1,0.06361454523915885,0.5204870989490936,0.05339311987371051,0.620127652791432,False,False,0.9128535424532772,13
jordan_quintic:steps=1:current_plus_eps:unrepaired,jordan_quintic,1,current_plus_eps,unrepaired,0.001,1.0,1,0.06361454523915885,0.5204870989490936,0.05339311987371051,0.620127652791432,False,False,0.9128535424532772,13
jordan_quintic:steps=1:current_plus_eps:unrepaired,jordan_quintic,1,current_plus_eps,unrepaired,0.0001,0.75,1,0.026497248834477422,0.5204870989490936,0.022239737437781862,0.620127652791432,False,False,1.2932091851421426,18
jordan_quintic:steps=1:current_plus_eps:unrepaired,jordan_quintic,1,current_plus_eps,unrepaired,0.0001,0.9,1,0.07579273089036216,0.5204870989490936,0.06361454523915885,0.620127652791432,False,False,0.836782413915504,12
jordan_quintic:steps=1:current_plus_eps:unrepaired,jordan_quintic,1,current_plus_eps,unrepaired,0.0001,1.0,1,0.07579273089036216,0.5204870989490936,0.06361454523915885,0.620127652791432,False,False,0.836782413915504,12
jordan_quintic:steps=1:current_plus_eps:unrepaired,jordan_quintic,1,current_plus_eps,unrepaired,1e-05,0.75,1,0.031569805972774166,0.5204870989490936,0.026497248834477422,0.620127652791432,False,False,1.2171380566043695,17
jordan_quintic:steps=1:current_plus_eps:unrepaired,jordan_quintic,1,current_plus_eps,unrepaired,1e-05,0.9,1,0.09030227339081447,0.5204870989490936,0.07579273089036216,0.620127652791432,False,False,0.760711285377731,11
jordan_quintic:steps=1:current_plus_eps:unrepaired,jordan_quintic,1,current_plus_eps,unrepaired,1e-05,1.0,1,0.09030227339081447,0.5204870989490936,0.07579273089036216,0.620127652791432,False,False,0.760711285377731,11
jordan_quintic:steps=1:current_plus_eps:raw_grid_repair_1.02x,jordan_quintic,1,current_plus_eps,raw_grid_repair_1.02x,0.001,0.75,1,0.022239737437781862,0.5204870989490936,0.01866631227985865,0.620127652791432,False,False,1.3692803136799157,19
jordan_quintic:steps=1:current_plus_eps:raw_grid_repair_1.02x,jordan_quintic,1,current_plus_eps,raw_grid_repair_1.02x,0.001,0.9,1,0.05339311987371051,0.5204870989490936,0.04481404746557166,0.620127652791432,False,False,0.9889246709910502,14
jordan_quintic:steps=1:current_plus_eps:raw_grid_repair_1.02x,jordan_quintic,1,current_plus_eps,raw_grid_repair_1.02x,0.001,1.0,1,0.06361454523915885,0.5204870989490936,0.05339311987371051,0.620127652791432,False,False,0.9128535424532772,13
jordan_quintic:steps=1:current_plus_eps:raw_grid_repair_1.02x,jordan_quintic,1,current_plus_eps,raw_grid_repair_1.02x,0.0001,0.75,1,0.026497248834477422,0.5204870989490936,0.022239737437781862,0.620127652791432,False,False,1.2932091851421426,18
jordan_quintic:steps=1:current_plus_eps:raw_grid_repair_1.02x,jordan_quintic,1,current_plus_eps,raw_grid_repair_1.02x,0.0001,0.9,1,0.07579273089036216,0.5204870989490936,0.06361454523915885,0.620127652791432,False,False,0.836782413915504,12
jordan_quintic:steps=1:current_plus_eps:raw_grid_repair_1.02x,jordan_quintic,1,current_plus_eps,raw_grid_repair_1.02x,0.0001,1.0,1,0.07579273089036216,0.5204870989490936,0.06361454523915885,0.620127652791432,False,False,0.836782413915504,12
jordan_quintic:steps=1:current_plus_eps:raw_grid_repair_1.02x,jordan_quintic,1,current_plus_eps,raw_grid_repair_1.02x,1e-05,0.75,1,0.031569805972774166,0.5204870989490936,0.026497248834477422,0.620127652791432,False,False,1.2171380566043695,17
jordan_quintic:steps=1:current_plus_eps:raw_grid_repair_1.02x,jordan_quintic,1,current_plus_eps,raw_grid_repair_1.02x,1e-05,0.9,1,0.09030227339081447,0.5204870989490936,0.07579273089036216,0.620127652791432,False,False,0.760711285377731,11
jordan_quintic:steps=1:current_plus_eps:raw_grid_repair_1.02x,jordan_quintic,1,current_plus_eps,raw_grid_repair_1.02x,1e-05,1.0,1,0.09030227339081447,0.5204870989490936,0.07579273089036216,0.620127652791432,False,False,0.760711285377731,11
jordan_quintic:steps=1:current_plus_eps:gain_matched_grid_repair_1.02x,jordan_quintic,1,current_plus_eps,gain_matched_grid_repair_1.02x,0.001,0.75,1,0.022239737437781862,0.5204870989490936,0.01866631227985865,0.620127652791432,False,False,1.3692803136799157,19
jordan_quintic:steps=1:current_plus_eps:gain_matched_grid_repair_1.02x,jordan_quintic,1,current_plus_eps,gain_matched_grid_repair_1.02x,0.001,0.9,1,0.06361454523915885,0.5204870989490936,0.05339311987371051,0.620127652791432,False,False,0.9128535424532772,13
jordan_quintic:steps=1:current_plus_eps:gain_matched_grid_repair_1.02x,jordan_quintic,1,current_plus_eps,gain_matched_grid_repair_1.02x,0.001,1.0,1,0.06361454523915885,0.5204870989490936,0.05339311987371051,0.620127652791432,False,False,0.9128535424532772,13
jordan_quintic:steps=1:current_plus_eps:gain_matched_grid_repair_1.02x,jordan_quintic,1,current_plus_eps,gain_matched_grid_repair_1.02x,0.0001,0.75,1,0.026497248834477422,0.5204870989490936,0.022239737437781862,0.620127652791432,False,False,1.2932091851421426,18
jordan_quintic:steps=1:current_plus_eps:gain_matched_grid_repair_1.02x,jordan_quintic,1,current_plus_eps,gain_matched_grid_repair_1.02x,0.0001,0.9,1,0.07579273089036216,0.5204870989490936,0.06361454523915885,0.620127652791432,False,False,0.836782413915504,12
jordan_quintic:steps=1:current_plus_eps:gain_matched_grid_repair_1.02x,jordan_quintic,1,current_plus_eps,gain_matched_grid_repair_1.02x,0.0001,1.0,1,0.07579273089036216,0.5204870989490936,0.06361454523915885,0.620127652791432,False,False,0.836782413915504,12
jordan_quintic:steps=1:current_plus_eps:gain_matched_grid_repair_1.02x,jordan_quintic,1,current_plus_eps,gain_matched_grid_repair_1.02x,1e-05,0.75,1,0.031569805972774166,0.5204870989490936,0.026497248834477422,0.620127652791432,False,False,1.2171380566043695,17
jordan_quintic:steps=1:current_plus_eps:gain_matched_grid_repair_1.02x,jordan_quintic,1,current_plus_eps,gain_matched_grid_repair_1.02x,1e-05,0.9,1,0.09030227339081447,0.5204870989490936,0.07579273089036216,0.620127652791432,False,False,0.760711285377731,11
jordan_quintic:steps=1:current_plus_eps:gain_matched_grid_repair_1.02x,jordan_quintic,1,current_plus_eps,gain_matched_grid_repair_1.02x,1e-05,1.0,1,0.09030227339081447,0.5204870989490936,0.07579273089036216,0.620127652791432,False,False,0.760711285377731,11
jordan_quintic:steps=1:current_plus_eps:gain_only_unrepaired_control,jordan_quintic,1,current_plus_eps,gain_only_unrepaired_control,0.001,0.75,1,0.022239737437781862,0.5204870989490936,0.01866631227985865,0.620127652791432,False,False,1.3692803136799157,19
jordan_quintic:steps=1:current_plus_eps:gain_only_unrepaired_control,jordan_quintic,1,current_plus_eps,gain_only_unrepaired_control,0.001,0.9,1,0.05339311987371051,0.5204870989490936,0.04481404746557166,0.620127652791432,False,False,0.9889246709910502,14
jordan_quintic:steps=1:current_plus_eps:gain_only_unrepaired_control,jordan_quintic,1,current_plus_eps,gain_only_unrepaired_control,0.001,1.0,1,0.06361454523915885,0.5204870989490936,0.05339311987371051,0.620127652791432,False,False,0.9128535424532772,13
jordan_quintic:steps=1:current_plus_eps:gain_only_unrepaired_control,jordan_quintic,1,current_plus_eps,gain_only_unrepaired_control,0.0001,0.75,1,0.026497248834477422,0.5204870989490936,0.022239737437781862,0.620127652791432,False,False,1.2932091851421426,18
jordan_quintic:steps=1:current_plus_eps:gain_only_unrepaired_control,jordan_quintic,1,current_plus_eps,gain_only_unrepaired_control,0.0001,0.9,1,0.07579273089036216,0.5204870989490936,0.06361454523915885,0.620127652791432,False,False,0.836782413915504,12
jordan_quintic:steps=1:current_plus_eps:gain_only_unrepaired_control,jordan_quintic,1,current_plus_eps,gain_only_unrepaired_control,0.0001,1.0,1,0.07579273089036216,0.5204870989490936,0.06361454523915885,0.620127652791432,False,False,0.836782413915504,12
jordan_quintic:steps=1:current_plus_eps:gain_only_unrepaired_control,jordan_quintic,1,current_plus_eps,gain_only_unrepaired_control,1e-05,0.75,1,0.031569805972774166,0.5204870989490936,0.026497248834477422,0.620127652791432,False,False,1.2171380566043695,17
jordan_quintic:steps=1:current_plus_eps:gain_only_unrepaired_control,jordan_quintic,1,current_plus_eps,gain_only_unrepaired_control,1e-05,0.9,1,0.09030227339081447,0.5204870989490936,0.07579273089036216,0.620127652791432,False,False,0.760711285377731,11
jordan_quintic:steps=1:current_plus_eps:gain_only_unrepaired_control,jordan_quintic,1,current_plus_eps,gain_only_unrepaired_control,1e-05,1.0,1,0.09030227339081447,0.5204870989490936,0.07579273089036216,0.620127652791432,False,False,0.760711285377731,11
jordan_quintic:steps=1:fixed_scale:fixed_scale_control,jordan_quintic,1,fixed_scale,fixed_scale_control,0.001,0.75,1,0.022239737437781862,0.5204870989490936,0.01866631227985865,0.620127652791432,False,False,1.3692803136799157,19
jordan_quintic:steps=1:fixed_scale:fixed_scale_control,jordan_quintic,1,fixed_scale,fixed_scale_control,0.001,0.9,1,0.05339311987371051,0.5204870989490936,0.04481404746557166,0.620127652791432,False,False,0.9889246709910502,14
jordan_quintic:steps=1:fixed_scale:fixed_scale_control,jordan_quintic,1,fixed_scale,fixed_scale_control,0.001,1.0,1,0.06361454523915885,0.5204870989490936,0.05339311987371051,0.620127652791432,False,False,0.9128535424532772,13
jordan_quintic:steps=1:fixed_scale:fixed_scale_control,jordan_quintic,1,fixed_scale,fixed_scale_control,0.0001,0.75,1,0.026497248834477422,0.5204870989490936,0.022239737437781862,0.620127652791432,False,False,1.2932091851421426,18
jordan_quintic:steps=1:fixed_scale:fixed_scale_control,jordan_quintic,1,fixed_scale,fixed_scale_control,0.0001,0.9,1,0.06361454523915885,0.5204870989490936,0.05339311987371051,0.620127652791432,False,False,0.9128535424532772,13
jordan_quintic:steps=1:fixed_scale:fixed_scale_control,jordan_quintic,1,fixed_scale,fixed_scale_control,0.0001,1.0,1,0.07579273089036216,0.5204870989490936,0.06361454523915885,0.620127652791432,False,False,0.836782413915504,12
jordan_quintic:steps=1:fixed_scale:fixed_scale_control,jordan_quintic,1,fixed_scale,fixed_scale_control,1e-05,0.75,1,0.031569805972774166,0.5204870989490936,0.026497248834477422,0.620127652791432,False,False,1.2171380566043695,17
jordan_quintic:steps=1:fixed_scale:fixed_scale_control,jordan_quintic,1,fixed_scale,fixed_scale_control,1e-05,0.9,1,0.09030227339081447,0.5204870989490936,0.07579273089036216,0.620127652791432,False,False,0.760711285377731,11
jordan_quintic:steps=1:fixed_scale:fixed_scale_control,jordan_quintic,1,fixed_scale,fixed_scale_control,1e-05,1.0,1,0.09030227339081447,0.5204870989490936,0.07579273089036216,0.620127652791432,False,False,0.760711285377731,11
jordan_quintic:steps=2:current_plus_eps:unrepaired,jordan_quintic,2,current_plus_eps,unrepaired,0.001,0.75,1,0.015667056101897645,0.152725680740085,0.013149712874184644,0.1819630459804838,False,False,0.9889246709910502,14
jordan_quintic:steps=2:current_plus_eps:unrepaired,jordan_quintic,2,current_plus_eps,unrepaired,0.001,0.9,1,0.037613438866218936,0.152725680740085,0.031569805972774166,0.1819630459804838,False,False,0.6085690283021847,9
jordan_quintic:steps=2:current_plus_eps:unrepaired,jordan_quintic,2,current_plus_eps,unrepaired,0.001,1.0,1,0.05339311987371051,0.152725680740085,0.04481404746557166,0.1819630459804838,False,False,0.45642677122663855,7
jordan_quintic:steps=2:current_plus_eps:unrepaired,jordan_quintic,2,current_plus_eps,unrepaired,0.0001,0.75,1,0.01866631227985865,0.152725680740085,0.015667056101897645,0.1819630459804838,False,False,0.9128535424532771,13
jordan_quintic:steps=2:current_plus_eps:unrepaired,jordan_quintic,2,current_plus_eps,unrepaired,0.0001,0.9,1,0.04481404746557166,0.152725680740085,0.037613438866218936,0.1819630459804838,False,False,0.5324978997644116,8
jordan_quintic:steps=2:current_plus_eps:unrepaired,jordan_quintic,2,current_plus_eps,unrepaired,0.0001,1.0,1,0.06361454523915885,0.152725680740085,0.05339311987371051,0.1819630459804838,False,False,0.38035564268886546,6
jordan_quintic:steps=2:current_plus_eps:unrepaired,jordan_quintic,2,current_plus_eps,unrepaired,1e-05,0.75,1,0.022239737437781862,0.152725680740085,0.01866631227985865,0.1819630459804838,False,False,0.836782413915504,12
jordan_quintic:steps=2:current_plus_eps:unrepaired,jordan_quintic,2,current_plus_eps,unrepaired,1e-05,0.9,1,0.04481404746557166,0.152725680740085,0.037613438866218936,0.1819630459804838,False,False,0.5324978997644116,8
jordan_quintic:steps=2:current_plus_eps:unrepaired,jordan_quintic,2,current_plus_eps,unrepaired,1e-05,1.0,1,0.06361454523915885,0.152725680740085,0.05339311987371051,0.1819630459804838,False,False,0.38035564268886546,6
jordan_quintic:steps=2:current_plus_eps:raw_grid_repair_1.02x,jordan_quintic,2,current_plus_eps,raw_grid_repair_1.02x,0.001,0.75,1,0.007775044519174121,0.12818610191887025,0.0065257698923257895,0.152725680740085,False,False,1.2171380566043695,17
jordan_quintic:steps=2:current_plus_eps:raw_grid_repair_1.02x,jordan_quintic,2,current_plus_eps,raw_grid_repair_1.02x,0.001,0.9,1,0.01866631227985865,0.12818610191887025,0.015667056101897645,0.152725680740085,False,False,0.836782413915504,12
jordan_quintic:steps=2:current_plus_eps:raw_grid_repair_1.02x,jordan_quintic,2,current_plus_eps,raw_grid_repair_1.02x,0.001,1.0,1,0.022239737437781862,0.12818610191887025,0.01866631227985865,0.152725680740085,False,False,0.7607112853777309,11
jordan_quintic:steps=2:current_plus_eps:raw_grid_repair_1.02x,jordan_quintic,2,current_plus_eps,raw_grid_repair_1.02x,0.0001,0.75,1,0.00926347668896959,0.12818610191887025,0.007775044519174121,0.152725680740085,False,False,1.1410669280665964,16
jordan_quintic:steps=2:current_plus_eps:raw_grid_repair_1.02x,jordan_quintic,2,current_plus_eps,raw_grid_repair_1.02x,0.0001,0.9,1,0.022239737437781862,0.12818610191887025,0.01866631227985865,0.152725680740085,False,False,0.7607112853777309,11
jordan_quintic:steps=2:current_plus_eps:raw_grid_repair_1.02x,jordan_quintic,2,current_plus_eps,raw_grid_repair_1.02x,0.0001,1.0,1,0.026497248834477422,0.12818610191887025,0.022239737437781862,0.152725680740085,False,False,0.6846401568399578,10
jordan_quintic:steps=2:current_plus_eps:raw_grid_repair_1.02x,jordan_quintic,2,current_plus_eps,raw_grid_repair_1.02x,1e-05,0.75,1,0.011036850034165217,0.12818610191887025,0.00926347668896959,0.152725680740085,False,False,1.0649957995288233,15
jordan_quintic:steps=2:current_plus_eps:raw_grid_repair_1.02x,jordan_quintic,2,current_plus_eps,raw_grid_repair_1.02x,1e-05,0.9,1,0.026497248834477422,0.12818610191887025,0.022239737437781862,0.152725680740085,False,False,0.6846401568399578,10
jordan_quintic:steps=2:current_plus_eps:raw_grid_repair_1.02x,jordan_quintic,2,current_plus_eps,raw_grid_repair_1.02x,1e-05,1.0,1,0.031569805972774166,0.12818610191887025,0.026497248834477422,0.152725680740085,False,False,0.6085690283021847,9
jordan_quintic:steps=2:current_plus_eps:gain_matched_grid_repair_1.02x,jordan_quintic,2,current_plus_eps,gain_matched_grid_repair_1.02x,0.001,0.75,1,0.00926347668896959,0.152725680740085,0.007775044519174121,0.1819630459804838,False,False,1.2171380566043695,17
jordan_quintic:steps=2:current_plus_eps:gain_matched_grid_repair_1.02x,jordan_quintic,2,current_plus_eps,gain_matched_grid_repair_1.02x,0.001,0.9,1,0.022239737437781862,0.152725680740085,0.01866631227985865,0.1819630459804838,False,False,0.836782413915504,12
jordan_quintic:steps=2:current_plus_eps:gain_matched_grid_repair_1.02x,jordan_quintic,2,current_plus_eps,gain_matched_grid_repair_1.02x,0.001,1.0,1,0.026497248834477422,0.152725680740085,0.022239737437781862,0.1819630459804838,False,False,0.7607112853777309,11
jordan_quintic:steps=2:current_plus_eps:gain_matched_grid_repair_1.02x,jordan_quintic,2,current_plus_eps,gain_matched_grid_repair_1.02x,0.0001,0.75,1,0.011036850034165217,0.152725680740085,0.00926347668896959,0.1819630459804838,False,False,1.1410669280665964,16
jordan_quintic:steps=2:current_plus_eps:gain_matched_grid_repair_1.02x,jordan_quintic,2,current_plus_eps,gain_matched_grid_repair_1.02x,0.0001,0.9,1,0.026497248834477422,0.152725680740085,0.022239737437781862,0.1819630459804838,False,False,0.7607112853777309,11
jordan_quintic:steps=2:current_plus_eps:gain_matched_grid_repair_1.02x,jordan_quintic,2,current_plus_eps,gain_matched_grid_repair_1.02x,0.0001,1.0,1,0.031569805972774166,0.152725680740085,0.026497248834477422,0.1819630459804838,False,False,0.6846401568399578,10
jordan_quintic:steps=2:current_plus_eps:gain_matched_grid_repair_1.02x,jordan_quintic,2,current_plus_eps,gain_matched_grid_repair_1.02x,1e-05,0.75,1,0.013149712874184644,0.152725680740085,0.011036850034165217,0.1819630459804838,False,False,1.0649957995288233,15
jordan_quintic:steps=2:current_plus_eps:gain_matched_grid_repair_1.02x,jordan_quintic,2,current_plus_eps,gain_matched_grid_repair_1.02x,1e-05,0.9,1,0.031569805972774166,0.152725680740085,0.026497248834477422,0.1819630459804838,False,False,0.6846401568399578,10
jordan_quintic:steps=2:current_plus_eps:gain_matched_grid_repair_1.02x,jordan_quintic,2,current_plus_eps,gain_matched_grid_repair_1.02x,1e-05,1.0,1,0.037613438866218936,0.152725680740085,0.031569805972774166,0.1819630459804838,False,False,0.6085690283021847,9
jordan_quintic:steps=2:current_plus_eps:gain_only_unrepaired_control,jordan_quintic,2,current_plus_eps,gain_only_unrepaired_control,0.001,0.75,1,0.011036850034165217,0.12818610191887025,0.00926347668896959,0.152725680740085,False,False,1.0649957995288233,15
jordan_quintic:steps=2:current_plus_eps:gain_only_unrepaired_control,jordan_quintic,2,current_plus_eps,gain_only_unrepaired_control,0.001,0.9,1,0.031569805972774166,0.12818610191887025,0.026497248834477422,0.152725680740085,False,False,0.6085690283021847,9
jordan_quintic:steps=2:current_plus_eps:gain_only_unrepaired_control,jordan_quintic,2,current_plus_eps,gain_only_unrepaired_control,0.001,1.0,1,0.04481404746557166,0.12818610191887025,0.037613438866218936,0.152725680740085,False,False,0.45642677122663855,7
jordan_quintic:steps=2:current_plus_eps:gain_only_unrepaired_control,jordan_quintic,2,current_plus_eps,gain_only_unrepaired_control,0.0001,0.75,1,0.015667056101897645,0.12818610191887025,0.013149712874184644,0.152725680740085,False,False,0.9128535424532771,13
jordan_quintic:steps=2:current_plus_eps:gain_only_unrepaired_control,jordan_quintic,2,current_plus_eps,gain_only_unrepaired_control,0.0001,0.9,1,0.037613438866218936,0.12818610191887025,0.031569805972774166,0.152725680740085,False,False,0.5324978997644116,8
jordan_quintic:steps=2:current_plus_eps:gain_only_unrepaired_control,jordan_quintic,2,current_plus_eps,gain_only_unrepaired_control,0.0001,1.0,1,0.04481404746557166,0.12818610191887025,0.037613438866218936,0.152725680740085,False,False,0.45642677122663855,7
jordan_quintic:steps=2:current_plus_eps:gain_only_unrepaired_control,jordan_quintic,2,current_plus_eps,gain_only_unrepaired_control,1e-05,0.75,1,0.015667056101897645,0.12818610191887025,0.013149712874184644,0.152725680740085,False,False,0.9128535424532771,13
jordan_quintic:steps=2:current_plus_eps:gain_only_unrepaired_control,jordan_quintic,2,current_plus_eps,gain_only_unrepaired_control,1e-05,0.9,1,0.037613438866218936,0.12818610191887025,0.031569805972774166,0.152725680740085,False,False,0.5324978997644116,8
jordan_quintic:steps=2:current_plus_eps:gain_only_unrepaired_control,jordan_quintic,2,current_plus_eps,gain_only_unrepaired_control,1e-05,1.0,1,0.05339311987371051,0.12818610191887025,0.04481404746557166,0.152725680740085,False,False,0.38035564268886546,6
jordan_quintic:steps=2:fixed_scale:fixed_scale_control,jordan_quintic,2,fixed_scale,fixed_scale_control,0.001,0.75,1,0.015667056101897645,0.152725680740085,0.013149712874184644,0.1819630459804838,False,False,0.9889246709910502,14
jordan_quintic:steps=2:fixed_scale:fixed_scale_control,jordan_quintic,2,fixed_scale,fixed_scale_control,0.001,0.9,1,0.037613438866218936,0.152725680740085,0.031569805972774166,0.1819630459804838,False,False,0.6085690283021847,9
jordan_quintic:steps=2:fixed_scale:fixed_scale_control,jordan_quintic,2,fixed_scale,fixed_scale_control,0.001,1.0,1,0.05339311987371051,0.152725680740085,0.04481404746557166,0.1819630459804838,False,False,0.45642677122663855,7
jordan_quintic:steps=2:fixed_scale:fixed_scale_control,jordan_quintic,2,fixed_scale,fixed_scale_control,0.0001,0.75,1,0.01866631227985865,0.152725680740085,0.015667056101897645,0.1819630459804838,False,False,0.9128535424532771,13
jordan_quintic:steps=2:fixed_scale:fixed_scale_control,jordan_quintic,2,fixed_scale,fixed_scale_control,0.0001,0.9,1,0.04481404746557166,0.152725680740085,0.037613438866218936,0.1819630459804838,False,False,0.5324978997644116,8
jordan_quintic:steps=2:fixed_scale:fixed_scale_control,jordan_quintic,2,fixed_scale,fixed_scale_control,0.0001,1.0,1,0.05339311987371051,0.152725680740085,0.04481404746557166,0.1819630459804838,False,False,0.45642677122663855,7
jordan_quintic:steps=2:fixed_scale:fixed_scale_control,jordan_quintic,2,fixed_scale,fixed_scale_control,1e-05,0.75,1,0.01866631227985865,0.152725680740085,0.015667056101897645,0.1819630459804838,False,False,0.9128535424532771,13
jordan_quintic:steps=2:fixed_scale:fixed_scale_control,jordan_quintic,2,fixed_scale,fixed_scale_control,1e-05,0.9,1,0.04481404746557166,0.152725680740085,0.037613438866218936,0.1819630459804838,False,False,0.5324978997644116,8
jordan_quintic:steps=2:fixed_scale:fixed_scale_control,jordan_quintic,2,fixed_scale,fixed_scale_control,1e-05,1.0,1,0.06361454523915885,0.152725680740085,0.05339311987371051,0.1819630459804838,False,False,0.38035564268886546,6
jordan_quintic:steps=3:current_plus_eps:unrepaired,jordan_quintic,3,current_plus_eps,unrepaired,0.001,0.75,1,0.013149712874184644,0.05339311987371051,0.011036850034165217,0.06361454523915885,False,False,0.6085690283021847,9
jordan_quintic:steps=3:current_plus_eps:unrepaired,jordan_quintic,3,current_plus_eps,unrepaired,0.001,0.9,1,0.031569805972774166,0.05339311987371051,0.026497248834477422,0.06361454523915885,False,False,0.22821338561331928,4
jordan_quintic:steps=3:current_plus_eps:unrepaired,jordan_quintic,3,current_plus_eps,unrepaired,0.001,1.0,1,0.04481404746557166,0.05339311987371051,0.037613438866218936,0.06361454523915885,False,False,0.07607112853777302,2
jordan_quintic:steps=3:current_plus_eps:unrepaired,jordan_quintic,3,current_plus_eps,unrepaired,0.0001,0.75,1,0.013149712874184644,0.04481404746557166,0.011036850034165217,0.05339311987371051,False,False,0.5324978997644116,8
jordan_quintic:steps=3:current_plus_eps:unrepaired,jordan_quintic,3,current_plus_eps,unrepaired,0.0001,0.9,1,0.037613438866218936,0.04481404746557166,0.031569805972774166,0.05339311987371051,False,False,0.07607112853777309,2
jordan_quintic:steps=3:current_plus_eps:unrepaired,jordan_quintic,3,current_plus_eps,unrepaired,0.0001,1.0,0,,,,,False,False,0.0,0
jordan_quintic:steps=3:current_plus_eps:unrepaired,jordan_quintic,3,current_plus_eps,unrepaired,1e-05,0.75,1,0.013149712874184644,0.04481404746557166,0.011036850034165217,0.05339311987371051,False,False,0.5324978997644116,8
jordan_quintic:steps=3:current_plus_eps:unrepaired,jordan_quintic,3,current_plus_eps,unrepaired,1e-05,0.9,1,0.037613438866218936,0.04481404746557166,0.031569805972774166,0.05339311987371051,False,False,0.07607112853777309,2
jordan_quintic:steps=3:current_plus_eps:unrepaired,jordan_quintic,3,current_plus_eps,unrepaired,1e-05,1.0,0,,,,,False,False,0.0,0
jordan_quintic:steps=3:current_plus_eps:raw_grid_repair_1.02x,jordan_quintic,3,current_plus_eps,raw_grid_repair_1.02x,0.001,0.75,1,0.0027181668598497987,0.04481404746557166,0.0022814186352993035,0.05339311987371051,False,False,1.2171380566043695,17
jordan_quintic:steps=3:current_plus_eps:raw_grid_repair_1.02x,jordan_quintic,3,current_plus_eps,raw_grid_repair_1.02x,0.001,0.9,1,0.007775044519174121,0.037613438866218936,0.0065257698923257895,0.04481404746557166,False,False,0.6846401568399578,10
jordan_quintic:steps=3:current_plus_eps:raw_grid_repair_1.02x,jordan_quintic,3,current_plus_eps,raw_grid_repair_1.02x,0.001,1.0,1,0.00926347668896959,0.037613438866218936,0.007775044519174121,0.04481404746557166,False,False,0.6085690283021847,9
jordan_quintic:steps=3:current_plus_eps:raw_grid_repair_1.02x,jordan_quintic,3,current_plus_eps,raw_grid_repair_1.02x,0.0001,0.75,1,0.0032385249088738217,0.037613438866218936,0.0027181668598497987,0.04481404746557166,False,False,1.0649957995288233,15
jordan_quintic:steps=3:current_plus_eps:raw_grid_repair_1.02x,jordan_quintic,3,current_plus_eps,raw_grid_repair_1.02x,0.0001,0.9,1,0.00926347668896959,0.037613438866218936,0.007775044519174121,0.04481404746557166,False,False,0.6085690283021847,9
jordan_quintic:steps=3:current_plus_eps:raw_grid_repair_1.02x,jordan_quintic,3,current_plus_eps,raw_grid_repair_1.02x,0.0001,1.0,1,0.00926347668896959,0.037613438866218936,0.007775044519174121,0.04481404746557166,False,False,0.6085690283021847,9
jordan_quintic:steps=3:current_plus_eps:raw_grid_repair_1.02x,jordan_quintic,3,current_plus_eps,raw_grid_repair_1.02x,1e-05,0.75,1,0.003858498806793542,0.037613438866218936,0.0032385249088738217,0.04481404746557166,False,False,0.9889246709910502,14
jordan_quintic:steps=3:current_plus_eps:raw_grid_repair_1.02x,jordan_quintic,3,current_plus_eps,raw_grid_repair_1.02x,1e-05,0.9,1,0.00926347668896959,0.037613438866218936,0.007775044519174121,0.04481404746557166,False,False,0.6085690283021847,9
jordan_quintic:steps=3:current_plus_eps:raw_grid_repair_1.02x,jordan_quintic,3,current_plus_eps,raw_grid_repair_1.02x,1e-05,1.0,1,0.011036850034165217,0.037613438866218936,0.00926347668896959,0.04481404746557166,False,False,0.5324978997644116,8
jordan_quintic:steps=3:current_plus_eps:gain_matched_grid_repair_1.02x,jordan_quintic,3,current_plus_eps,gain_matched_grid_repair_1.02x,0.001,0.75,1,0.003858498806793542,0.05339311987371051,0.0032385249088738217,0.06361454523915885,False,False,1.1410669280665964,16
jordan_quintic:steps=3:current_plus_eps:gain_matched_grid_repair_1.02x,jordan_quintic,3,current_plus_eps,gain_matched_grid_repair_1.02x,0.001,0.9,1,0.011036850034165217,0.05339311987371051,0.00926347668896959,0.06361454523915885,False,False,0.6846401568399578,10
jordan_quintic:steps=3:current_plus_eps:gain_matched_grid_repair_1.02x,jordan_quintic,3,current_plus_eps,gain_matched_grid_repair_1.02x,0.001,1.0,1,0.011036850034165217,0.05339311987371051,0.00926347668896959,0.06361454523915885,False,False,0.6846401568399578,10
jordan_quintic:steps=3:current_plus_eps:gain_matched_grid_repair_1.02x,jordan_quintic,3,current_plus_eps,gain_matched_grid_repair_1.02x,0.0001,0.75,1,0.004597158725329799,0.04481404746557166,0.003858498806793542,0.05339311987371051,False,False,0.9889246709910502,14
jordan_quintic:steps=3:current_plus_eps:gain_matched_grid_repair_1.02x,jordan_quintic,3,current_plus_eps,gain_matched_grid_repair_1.02x,0.0001,0.9,1,0.011036850034165217,0.04481404746557166,0.00926347668896959,0.05339311987371051,False,False,0.6085690283021847,9
jordan_quintic:steps=3:current_plus_eps:gain_matched_grid_repair_1.02x,jordan_quintic,3,current_plus_eps,gain_matched_grid_repair_1.02x,0.0001,1.0,1,0.013149712874184644,0.04481404746557166,0.011036850034165217,0.05339311987371051,False,False,0.5324978997644116,8
jordan_quintic:steps=3:current_plus_eps:gain_matched_grid_repair_1.02x,jordan_quintic,3,current_plus_eps,gain_matched_grid_repair_1.02x,1e-05,0.75,1,0.004597158725329799,0.04481404746557166,0.003858498806793542,0.05339311987371051,False,False,0.9889246709910502,14
jordan_quintic:steps=3:current_plus_eps:gain_matched_grid_repair_1.02x,jordan_quintic,3,current_plus_eps,gain_matched_grid_repair_1.02x,1e-05,0.9,1,0.013149712874184644,0.04481404746557166,0.011036850034165217,0.05339311987371051,False,False,0.5324978997644116,8
jordan_quintic:steps=3:current_plus_eps:gain_matched_grid_repair_1.02x,jordan_quintic,3,current_plus_eps,gain_matched_grid_repair_1.02x,1e-05,1.0,1,0.013149712874184644,0.04481404746557166,0.011036850034165217,0.05339311987371051,False,False,0.5324978997644116,8
jordan_quintic:steps=3:current_plus_eps:gain_only_unrepaired_control,jordan_quintic,3,current_plus_eps,gain_only_unrepaired_control,0.001,0.75,1,0.00926347668896959,0.04481404746557166,0.007775044519174121,0.05339311987371051,False,False,0.6846401568399578,10
jordan_quintic:steps=3:current_plus_eps:gain_only_unrepaired_control,jordan_quintic,3,current_plus_eps,gain_only_unrepaired_control,0.001,0.9,1,0.026497248834477422,0.037613438866218936,0.022239737437781862,0.04481404746557166,False,False,0.1521422570755462,3
jordan_quintic:steps=3:current_plus_eps:gain_only_unrepaired_control,jordan_quintic,3,current_plus_eps,gain_only_unrepaired_control,0.001,1.0,1,0.037613438866218936,0.037613438866218936,0.031569805972774166,0.04481404746557166,False,False,0.0,1
jordan_quintic:steps=3:current_plus_eps:gain_only_unrepaired_control,jordan_quintic,3,current_plus_eps,gain_only_unrepaired_control,0.0001,0.75,1,0.00926347668896959,0.037613438866218936,0.007775044519174121,0.04481404746557166,False,False,0.6085690283021847,9
jordan_quintic:steps=3:current_plus_eps:gain_only_unrepaired_control,jordan_quintic,3,current_plus_eps,gain_only_unrepaired_control,0.0001,0.9,1,0.026497248834477422,0.037613438866218936,0.022239737437781862,0.04481404746557166,False,False,0.1521422570755462,3
jordan_quintic:steps=3:current_plus_eps:gain_only_unrepaired_control,jordan_quintic,3,current_plus_eps,gain_only_unrepaired_control,0.0001,1.0,1,0.037613438866218936,0.037613438866218936,0.031569805972774166,0.04481404746557166,False,False,0.0,1
jordan_quintic:steps=3:current_plus_eps:gain_only_unrepaired_control,jordan_quintic,3,current_plus_eps,gain_only_unrepaired_control,1e-05,0.75,1,0.011036850034165217,0.037613438866218936,0.00926347668896959,0.04481404746557166,False,False,0.5324978997644116,8
jordan_quintic:steps=3:current_plus_eps:gain_only_unrepaired_control,jordan_quintic,3,current_plus_eps,gain_only_unrepaired_control,1e-05,0.9,1,0.026497248834477422,0.037613438866218936,0.022239737437781862,0.04481404746557166,False,False,0.1521422570755462,3
jordan_quintic:steps=3:current_plus_eps:gain_only_unrepaired_control,jordan_quintic,3,current_plus_eps,gain_only_unrepaired_control,1e-05,1.0,1,0.037613438866218936,0.037613438866218936,0.031569805972774166,0.04481404746557166,False,False,0.0,1
jordan_quintic:steps=3:fixed_scale:fixed_scale_control,jordan_quintic,3,fixed_scale,fixed_scale_control,0.001,0.75,1,0.013149712874184644,0.05339311987371051,0.011036850034165217,0.06361454523915885,False,False,0.6085690283021847,9
jordan_quintic:steps=3:fixed_scale:fixed_scale_control,jordan_quintic,3,fixed_scale,fixed_scale_control,0.001,0.9,1,0.037613438866218936,0.05339311987371051,0.031569805972774166,0.06361454523915885,False,False,0.15214225707554613,3
jordan_quintic:steps=3:fixed_scale:fixed_scale_control,jordan_quintic,3,fixed_scale,fixed_scale_control,0.001,1.0,1,0.05339311987371051,0.05339311987371051,0.04481404746557166,0.06361454523915885,False,False,0.0,1
jordan_quintic:steps=3:fixed_scale:fixed_scale_control,jordan_quintic,3,fixed_scale,fixed_scale_control,0.0001,0.75,1,0.013149712874184644,0.04481404746557166,0.011036850034165217,0.05339311987371051,False,False,0.5324978997644116,8
jordan_quintic:steps=3:fixed_scale:fixed_scale_control,jordan_quintic,3,fixed_scale,fixed_scale_control,0.0001,0.9,1,0.037613438866218936,0.04481404746557166,0.031569805972774166,0.05339311987371051,False,False,0.07607112853777309,2
jordan_quintic:steps=3:fixed_scale:fixed_scale_control,jordan_quintic,3,fixed_scale,fixed_scale_control,0.0001,1.0,0,,,,,False,False,0.0,0
jordan_quintic:steps=3:fixed_scale:fixed_scale_control,jordan_quintic,3,fixed_scale,fixed_scale_control,1e-05,0.75,1,0.013149712874184644,0.04481404746557166,0.011036850034165217,0.05339311987371051,False,False,0.5324978997644116,8
jordan_quintic:steps=3:fixed_scale:fixed_scale_control,jordan_quintic,3,fixed_scale,fixed_scale_control,1e-05,0.9,1,0.037613438866218936,0.04481404746557166,0.031569805972774166,0.05339311987371051,False,False,0.07607112853777309,2
jordan_quintic:steps=3:fixed_scale:fixed_scale_control,jordan_quintic,3,fixed_scale,fixed_scale_control,1e-05,1.0,0,,,,,False,False,0.0,0
jordan_quintic:steps=4:current_plus_eps:unrepaired,jordan_quintic,4,current_plus_eps,unrepaired,0.001,0.75,1,0.015667056101897645,0.026497248834477422,0.013149712874184644,0.031569805972774166,False,False,0.22821338561331922,4
jordan_quintic:steps=4:current_plus_eps:unrepaired,jordan_quintic,4,current_plus_eps,unrepaired,0.001,0.9,0,,,,,False,False,0.0,0
jordan_quintic:steps=4:current_plus_eps:unrepaired,jordan_quintic,4,current_plus_eps,unrepaired,0.001,1.0,0,,,,,False,False,0.0,0
jordan_quintic:steps=4:current_plus_eps:unrepaired,jordan_quintic,4,current_plus_eps,unrepaired,0.0001,0.75,1,0.015667056101897645,0.015667056101897645,0.013149712874184644,0.01866631227985865,False,False,0.0,1
jordan_quintic:steps=4:current_plus_eps:unrepaired,jordan_quintic,4,current_plus_eps,unrepaired,0.0001,0.9,0,,,,,False,False,0.0,0
jordan_quintic:steps=4:current_plus_eps:unrepaired,jordan_quintic,4,current_plus_eps,unrepaired,0.0001,1.0,0,,,,,False,False,0.0,0
jordan_quintic:steps=4:current_plus_eps:unrepaired,jordan_quintic,4,current_plus_eps,unrepaired,1e-05,0.75,0,,,,,False,False,0.0,0
jordan_quintic:steps=4:current_plus_eps:unrepaired,jordan_quintic,4,current_plus_eps,unrepaired,1e-05,0.9,0,,,,,False,False,0.0,0
jordan_quintic:steps=4:current_plus_eps:unrepaired,jordan_quintic,4,current_plus_eps,unrepaired,1e-05,1.0,0,,,,,False,False,0.0,0
jordan_quintic:steps=4:current_plus_eps:raw_grid_repair_1.02x,jordan_quintic,4,current_plus_eps,raw_grid_repair_1.02x,0.001,0.75,1,0.0009502750832828064,0.026497248834477422,0.0007975872694518065,0.031569805972774166,False,False,1.4453514422176887,20
jordan_quintic:steps=4:current_plus_eps:raw_grid_repair_1.02x,jordan_quintic,4,current_plus_eps,raw_grid_repair_1.02x,0.001,0.9,1,0.0027181668598497987,0.022239737437781862,0.0022814186352993035,0.026497248834477422,False,False,0.9128535424532771,13
jordan_quintic:steps=4:current_plus_eps:raw_grid_repair_1.02x,jordan_quintic,4,current_plus_eps,raw_grid_repair_1.02x,0.001,1.0,1,0.0032385249088738217,0.022239737437781862,0.0027181668598497987,0.026497248834477422,False,False,0.836782413915504,12
jordan_quintic:steps=4:current_plus_eps:raw_grid_repair_1.02x,jordan_quintic,4,current_plus_eps,raw_grid_repair_1.02x,0.0001,0.75,1,0.0011321930132219959,0.013149712874184644,0.0009502750832828064,0.015667056101897645,False,False,1.0649957995288233,15
jordan_quintic:steps=4:current_plus_eps:raw_grid_repair_1.02x,jordan_quintic,4,current_plus_eps,raw_grid_repair_1.02x,0.0001,0.9,1,0.0032385249088738217,0.011036850034165217,0.0027181668598497987,0.013149712874184644,False,False,0.5324978997644116,8
jordan_quintic:steps=4:current_plus_eps:raw_grid_repair_1.02x,jordan_quintic,4,current_plus_eps,raw_grid_repair_1.02x,0.0001,1.0,1,0.003858498806793542,0.011036850034165217,0.0032385249088738217,0.013149712874184644,False,False,0.45642677122663855,7
jordan_quintic:steps=4:current_plus_eps:raw_grid_repair_1.02x,jordan_quintic,4,current_plus_eps,raw_grid_repair_1.02x,1e-05,0.75,1,0.0013489367886616623,0.00926347668896959,0.0011321930132219959,0.011036850034165217,False,False,0.836782413915504,12
jordan_quintic:steps=4:current_plus_eps:raw_grid_repair_1.02x,jordan_quintic,4,current_plus_eps,raw_grid_repair_1.02x,1e-05,0.9,1,0.003858498806793542,0.00926347668896959,0.0032385249088738217,0.011036850034165217,False,False,0.38035564268886546,6
jordan_quintic:steps=4:current_plus_eps:raw_grid_repair_1.02x,jordan_quintic,4,current_plus_eps,raw_grid_repair_1.02x,1e-05,1.0,1,0.003858498806793542,0.00926347668896959,0.0032385249088738217,0.011036850034165217,False,False,0.38035564268886546,6
jordan_quintic:steps=4:current_plus_eps:gain_matched_grid_repair_1.02x,jordan_quintic,4,current_plus_eps,gain_matched_grid_repair_1.02x,0.001,0.75,1,0.0013489367886616623,0.037613438866218936,0.0011321930132219959,0.04481404746557166,False,False,1.4453514422176887,20
jordan_quintic:steps=4:current_plus_eps:gain_matched_grid_repair_1.02x,jordan_quintic,4,current_plus_eps,gain_matched_grid_repair_1.02x,0.001,0.9,1,0.003858498806793542,0.026497248834477422,0.0032385249088738217,0.031569805972774166,False,False,0.836782413915504,12
jordan_quintic:steps=4:current_plus_eps:gain_matched_grid_repair_1.02x,jordan_quintic,4,current_plus_eps,gain_matched_grid_repair_1.02x,0.001,1.0,1,0.003858498806793542,0.026497248834477422,0.0032385249088738217,0.031569805972774166,False,False,0.836782413915504,12
jordan_quintic:steps=4:current_plus_eps:gain_matched_grid_repair_1.02x,jordan_quintic,4,current_plus_eps,gain_matched_grid_repair_1.02x,0.0001,0.75,1,0.0016071733693414447,0.015667056101897645,0.0013489367886616623,0.01866631227985865,False,False,0.9889246709910502,14
jordan_quintic:steps=4:current_plus_eps:gain_matched_grid_repair_1.02x,jordan_quintic,4,current_plus_eps,gain_matched_grid_repair_1.02x,0.0001,0.9,1,0.004597158725329799,0.015667056101897645,0.003858498806793542,0.01866631227985865,False,False,0.5324978997644118,8
jordan_quintic:steps=4:current_plus_eps:gain_matched_grid_repair_1.02x,jordan_quintic,4,current_plus_eps,gain_matched_grid_repair_1.02x,0.0001,1.0,1,0.004597158725329799,0.015667056101897645,0.003858498806793542,0.01866631227985865,False,False,0.5324978997644118,8
jordan_quintic:steps=4:current_plus_eps:gain_matched_grid_repair_1.02x,jordan_quintic,4,current_plus_eps,gain_matched_grid_repair_1.02x,1e-05,0.75,1,0.0016071733693414447,0.013149712874184644,0.0013489367886616623,0.015667056101897645,False,False,0.9128535424532771,13
jordan_quintic:steps=4:current_plus_eps:gain_matched_grid_repair_1.02x,jordan_quintic,4,current_plus_eps,gain_matched_grid_repair_1.02x,1e-05,0.9,1,0.004597158725329799,0.013149712874184644,0.003858498806793542,0.015667056101897645,False,False,0.45642677122663855,7
jordan_quintic:steps=4:current_plus_eps:gain_matched_grid_repair_1.02x,jordan_quintic,4,current_plus_eps,gain_matched_grid_repair_1.02x,1e-05,1.0,1,0.005477225575051662,0.013149712874184644,0.004597158725329799,0.015667056101897645,False,False,0.38035564268886546,6
jordan_quintic:steps=4:current_plus_eps:gain_only_unrepaired_control,jordan_quintic,4,current_plus_eps,gain_only_unrepaired_control,0.001,0.75,1,0.011036850034165217,0.026497248834477422,0.00926347668896959,0.031569805972774166,False,False,0.38035564268886546,6
jordan_quintic:steps=4:current_plus_eps:gain_only_unrepaired_control,jordan_quintic,4,current_plus_eps,gain_only_unrepaired_control,0.001,0.9,0,,,,,False,False,0.0,0
jordan_quintic:steps=4:current_plus_eps:gain_only_unrepaired_control,jordan_quintic,4,current_plus_eps,gain_only_unrepaired_control,0.001,1.0,0,,,,,False,False,0.0,0
jordan_quintic:steps=4:current_plus_eps:gain_only_unrepaired_control,jordan_quintic,4,current_plus_eps,gain_only_unrepaired_control,0.0001,0.75,1,0.011036850034165217,0.011036850034165217,0.00926347668896959,0.013149712874184644,False,False,0.0,1
jordan_quintic:steps=4:current_plus_eps:gain_only_unrepaired_control,jordan_quintic,4,current_plus_eps,gain_only_unrepaired_control,0.0001,0.9,0,,,,,False,False,0.0,0
jordan_quintic:steps=4:current_plus_eps:gain_only_unrepaired_control,jordan_quintic,4,current_plus_eps,gain_only_unrepaired_control,0.0001,1.0,0,,,,,False,False,0.0,0
jordan_quintic:steps=4:current_plus_eps:gain_only_unrepaired_control,jordan_quintic,4,current_plus_eps,gain_only_unrepaired_control,1e-05,0.75,0,,,,,False,False,0.0,0
jordan_quintic:steps=4:current_plus_eps:gain_only_unrepaired_control,jordan_quintic,4,current_plus_eps,gain_only_unrepaired_control,1e-05,0.9,0,,,,,False,False,0.0,0
jordan_quintic:steps=4:current_plus_eps:gain_only_unrepaired_control,jordan_quintic,4,current_plus_eps,gain_only_unrepaired_control,1e-05,1.0,0,,,,,False,False,0.0,0
jordan_quintic:steps=4:fixed_scale:fixed_scale_control,jordan_quintic,4,fixed_scale,fixed_scale_control,0.001,0.75,1,0.013149712874184644,0.026497248834477422,0.011036850034165217,0.031569805972774166,False,False,0.3042845141510924,5
jordan_quintic:steps=4:fixed_scale:fixed_scale_control,jordan_quintic,4,fixed_scale,fixed_scale_control,0.001,0.9,0,,,,,False,False,0.0,0
jordan_quintic:steps=4:fixed_scale:fixed_scale_control,jordan_quintic,4,fixed_scale,fixed_scale_control,0.001,1.0,0,,,,,False,False,0.0,0
jordan_quintic:steps=4:fixed_scale:fixed_scale_control,jordan_quintic,4,fixed_scale,fixed_scale_control,0.0001,0.75,1,0.015667056101897645,0.015667056101897645,0.013149712874184644,0.01866631227985865,False,False,0.0,1
jordan_quintic:steps=4:fixed_scale:fixed_scale_control,jordan_quintic,4,fixed_scale,fixed_scale_control,0.0001,0.9,0,,,,,False,False,0.0,0
jordan_quintic:steps=4:fixed_scale:fixed_scale_control,jordan_quintic,4,fixed_scale,fixed_scale_control,0.0001,1.0,0,,,,,False,False,0.0,0
jordan_quintic:steps=4:fixed_scale:fixed_scale_control,jordan_quintic,4,fixed_scale,fixed_scale_control,1e-05,0.75,0,,,,,False,False,0.0,0
jordan_quintic:steps=4:fixed_scale:fixed_scale_control,jordan_quintic,4,fixed_scale,fixed_scale_control,1e-05,0.9,0,,,,,False,False,0.0,0
jordan_quintic:steps=4:fixed_scale:fixed_scale_control,jordan_quintic,4,fixed_scale,fixed_scale_control,1e-05,1.0,0,,,,,False,False,0.0,0
jordan_quintic:steps=5:current_plus_eps:unrepaired,jordan_quintic,5,current_plus_eps,unrepaired,0.001,0.75,2,0.013149712874184644,0.031569805972774166,0.011036850034165217,0.037613438866218936,False,False,0.38035564268886546,6
jordan_quintic:steps=5:current_plus_eps:unrepaired,jordan_quintic,5,current_plus_eps,unrepaired,0.001,0.9,2,0.031569805972774166,0.031569805972774166,0.026497248834477422,0.037613438866218936,False,False,0.0,1
jordan_quintic:steps=5:current_plus_eps:unrepaired,jordan_quintic,5,current_plus_eps,unrepaired,0.001,1.0,1,0.04481404746557166,0.04481404746557166,0.037613438866218936,0.05339311987371051,False,False,0.0,1
jordan_quintic:steps=5:current_plus_eps:unrepaired,jordan_quintic,5,current_plus_eps,unrepaired,0.0001,0.75,0,,,,,False,False,0.0,0
jordan_quintic:steps=5:current_plus_eps:unrepaired,jordan_quintic,5,current_plus_eps,unrepaired,0.0001,0.9,0,,,,,False,False,0.0,0
jordan_quintic:steps=5:current_plus_eps:unrepaired,jordan_quintic,5,current_plus_eps,unrepaired,0.0001,1.0,0,,,,,False,False,0.0,0
jordan_quintic:steps=5:current_plus_eps:unrepaired,jordan_quintic,5,current_plus_eps,unrepaired,1e-05,0.75,0,,,,,False,False,0.0,0
jordan_quintic:steps=5:current_plus_eps:unrepaired,jordan_quintic,5,current_plus_eps,unrepaired,1e-05,0.9,0,,,,,False,False,0.0,0
jordan_quintic:steps=5:current_plus_eps:unrepaired,jordan_quintic,5,current_plus_eps,unrepaired,1e-05,1.0,0,,,,,False,False,0.0,0
jordan_quintic:steps=5:current_plus_eps:raw_grid_repair_1.02x,jordan_quintic,5,current_plus_eps,raw_grid_repair_1.02x,0.001,0.75,1,0.0003322175497195357,0.00926347668896959,0.0002788376681722561,0.011036850034165217,False,False,1.4453514422176887,20
jordan_quintic:steps=5:current_plus_eps:raw_grid_repair_1.02x,jordan_quintic,5,current_plus_eps,raw_grid_repair_1.02x,0.001,0.9,1,0.0009502750832828064,0.00926347668896959,0.0007975872694518065,0.011036850034165217,False,False,0.9889246709910502,14
jordan_quintic:steps=5:current_plus_eps:raw_grid_repair_1.02x,jordan_quintic,5,current_plus_eps,raw_grid_repair_1.02x,0.001,1.0,1,0.0009502750832828064,0.00926347668896959,0.0007975872694518065,0.011036850034165217,False,False,0.9889246709910502,14
jordan_quintic:steps=5:current_plus_eps:raw_grid_repair_1.02x,jordan_quintic,5,current_plus_eps,raw_grid_repair_1.02x,0.0001,0.75,1,0.0003958163223251114,0.007775044519174121,0.0003322175497195357,0.00926347668896959,False,False,1.2932091851421426,18
jordan_quintic:steps=5:current_plus_eps:raw_grid_repair_1.02x,jordan_quintic,5,current_plus_eps,raw_grid_repair_1.02x,0.0001,0.9,1,0.0011321930132219959,0.0065257698923257895,0.0009502750832828064,0.007775044519174121,False,False,0.7607112853777309,11
jordan_quintic:steps=5:current_plus_eps:raw_grid_repair_1.02x,jordan_quintic,5,current_plus_eps,raw_grid_repair_1.02x,0.0001,1.0,1,0.0011321930132219959,0.0065257698923257895,0.0009502750832828064,0.007775044519174121,False,False,0.7607112853777309,11
jordan_quintic:steps=5:current_plus_eps:raw_grid_repair_1.02x,jordan_quintic,5,current_plus_eps,raw_grid_repair_1.02x,1e-05,0.75,1,0.0004715902611142629,0.003858498806793542,0.0003958163223251114,0.004597158725329799,False,False,0.9128535424532771,13
jordan_quintic:steps=5:current_plus_eps:raw_grid_repair_1.02x,jordan_quintic,5,current_plus_eps,raw_grid_repair_1.02x,1e-05,0.9,1,0.0013489367886616623,0.0032385249088738217,0.0011321930132219959,0.003858498806793542,False,False,0.38035564268886546,6
jordan_quintic:steps=5:current_plus_eps:raw_grid_repair_1.02x,jordan_quintic,5,current_plus_eps,raw_grid_repair_1.02x,1e-05,1.0,1,0.0013489367886616623,0.0032385249088738217,0.0011321930132219959,0.003858498806793542,False,False,0.38035564268886546,6
jordan_quintic:steps=5:current_plus_eps:gain_matched_grid_repair_1.02x,jordan_quintic,5,current_plus_eps,gain_matched_grid_repair_1.02x,0.001,0.75,1,0.0003958163223251114,0.013149712874184644,0.0003322175497195357,0.015667056101897645,False,False,1.5214225707554618,21
jordan_quintic:steps=5:current_plus_eps:gain_matched_grid_repair_1.02x,jordan_quintic,5,current_plus_eps,gain_matched_grid_repair_1.02x,0.001,0.9,1,0.0013489367886616623,0.013149712874184644,0.0011321930132219959,0.015667056101897645,False,False,0.9889246709910502,14
jordan_quintic:steps=5:current_plus_eps:gain_matched_grid_repair_1.02x,jordan_quintic,5,current_plus_eps,gain_matched_grid_repair_1.02x,0.001,1.0,1,0.0013489367886616623,0.013149712874184644,0.0011321930132219959,0.015667056101897645,False,False,0.9889246709910502,14
jordan_quintic:steps=5:current_plus_eps:gain_matched_grid_repair_1.02x,jordan_quintic,5,current_plus_eps,gain_matched_grid_repair_1.02x,0.0001,0.75,1,0.0005618701448980375,0.011036850034165217,0.0004715902611142629,0.013149712874184644,False,False,1.2932091851421426,18
jordan_quintic:steps=5:current_plus_eps:gain_matched_grid_repair_1.02x,jordan_quintic,5,current_plus_eps,gain_matched_grid_repair_1.02x,0.0001,0.9,1,0.0016071733693414447,0.00926347668896959,0.0013489367886616623,0.011036850034165217,False,False,0.7607112853777309,11
jordan_quintic:steps=5:current_plus_eps:gain_matched_grid_repair_1.02x,jordan_quintic,5,current_plus_eps,gain_matched_grid_repair_1.02x,0.0001,1.0,1,0.0016071733693414447,0.00926347668896959,0.0013489367886616623,0.011036850034165217,False,False,0.7607112853777309,11
jordan_quintic:steps=5:current_plus_eps:gain_matched_grid_repair_1.02x,jordan_quintic,5,current_plus_eps,gain_matched_grid_repair_1.02x,1e-05,0.75,1,0.0005618701448980375,0.004597158725329799,0.0004715902611142629,0.005477225575051662,False,False,0.9128535424532771,13
jordan_quintic:steps=5:current_plus_eps:gain_matched_grid_repair_1.02x,jordan_quintic,5,current_plus_eps,gain_matched_grid_repair_1.02x,1e-05,0.9,1,0.0016071733693414447,0.004597158725329799,0.0013489367886616623,0.005477225575051662,False,False,0.45642677122663855,7
jordan_quintic:steps=5:current_plus_eps:gain_matched_grid_repair_1.02x,jordan_quintic,5,current_plus_eps,gain_matched_grid_repair_1.02x,1e-05,1.0,1,0.0019148460186062853,0.004597158725329799,0.0016071733693414447,0.005477225575051662,False,False,0.38035564268886535,6
jordan_quintic:steps=5:current_plus_eps:gain_only_unrepaired_control,jordan_quintic,5,current_plus_eps,gain_only_unrepaired_control,0.001,0.75,2,0.00926347668896959,0.022239737437781862,0.007775044519174121,0.026497248834477422,False,False,0.38035564268886535,6
jordan_quintic:steps=5:current_plus_eps:gain_only_unrepaired_control,jordan_quintic,5,current_plus_eps,gain_only_unrepaired_control,0.001,0.9,0,,,,,False,False,0.0,0
jordan_quintic:steps=5:current_plus_eps:gain_only_unrepaired_control,jordan_quintic,5,current_plus_eps,gain_only_unrepaired_control,0.001,1.0,0,,,,,False,False,0.0,0
jordan_quintic:steps=5:current_plus_eps:gain_only_unrepaired_control,jordan_quintic,5,current_plus_eps,gain_only_unrepaired_control,0.0001,0.75,0,,,,,False,False,0.0,0
jordan_quintic:steps=5:current_plus_eps:gain_only_unrepaired_control,jordan_quintic,5,current_plus_eps,gain_only_unrepaired_control,0.0001,0.9,0,,,,,False,False,0.0,0
jordan_quintic:steps=5:current_plus_eps:gain_only_unrepaired_control,jordan_quintic,5,current_plus_eps,gain_only_unrepaired_control,0.0001,1.0,0,,,,,False,False,0.0,0
jordan_quintic:steps=5:current_plus_eps:gain_only_unrepaired_control,jordan_quintic,5,current_plus_eps,gain_only_unrepaired_control,1e-05,0.75,0,,,,,False,False,0.0,0
jordan_quintic:steps=5:current_plus_eps:gain_only_unrepaired_control,jordan_quintic,5,current_plus_eps,gain_only_unrepaired_control,1e-05,0.9,0,,,,,False,False,0.0,0
jordan_quintic:steps=5:current_plus_eps:gain_only_unrepaired_control,jordan_quintic,5,current_plus_eps,gain_only_unrepaired_control,1e-05,1.0,0,,,,,False,False,0.0,0
jordan_quintic:steps=5:fixed_scale:fixed_scale_control,jordan_quintic,5,fixed_scale,fixed_scale_control,0.001,0.75,1,0.013149712874184644,0.026497248834477422,0.011036850034165217,0.031569805972774166,False,False,0.3042845141510924,5
jordan_quintic:steps=5:fixed_scale:fixed_scale_control,jordan_quintic,5,fixed_scale,fixed_scale_control,0.001,0.9,0,,,,,False,False,0.0,0
jordan_quintic:steps=5:fixed_scale:fixed_scale_control,jordan_quintic,5,fixed_scale,fixed_scale_control,0.001,1.0,0,,,,,False,False,0.0,0
jordan_quintic:steps=5:fixed_scale:fixed_scale_control,jordan_quintic,5,fixed_scale,fixed_scale_control,0.0001,0.75,0,,,,,False,False,0.0,0
jordan_quintic:steps=5:fixed_scale:fixed_scale_control,jordan_quintic,5,fixed_scale,fixed_scale_control,0.0001,0.9,0,,,,,False,False,0.0,0
jordan_quintic:steps=5:fixed_scale:fixed_scale_control,jordan_quintic,5,fixed_scale,fixed_scale_control,0.0001,1.0,0,,,,,False,False,0.0,0
jordan_quintic:steps=5:fixed_scale:fixed_scale_control,jordan_quintic,5,fixed_scale,fixed_scale_control,1e-05,0.75,0,,,,,False,False,0.0,0
jordan_quintic:steps=5:fixed_scale:fixed_scale_control,jordan_quintic,5,fixed_scale,fixed_scale_control,1e-05,0.9,0,,,,,False,False,0.0,0
jordan_quintic:steps=5:fixed_scale:fixed_scale_control,jordan_quintic,5,fixed_scale,fixed_scale_control,1e-05,1.0,0,,,,,False,False,0.0,0
classical_cubic:steps=1:current_plus_eps:unrepaired,classical_cubic,1,current_plus_eps,unrepaired,0.001,0.75,1,0.04481404746557166,1.2495844496660804,0.037613438866218936,1.4888013042027184,False,False,1.4453514422176887,20
classical_cubic:steps=1:current_plus_eps:unrepaired,classical_cubic,1,current_plus_eps,unrepaired,0.001,0.9,1,0.12818610191887025,1.2495844496660804,0.10758948099317438,1.4888013042027184,False,False,0.9889246709910502,14
classical_cubic:steps=1:current_plus_eps:unrepaired,classical_cubic,1,current_plus_eps,unrepaired,0.001,1.0,1,0.152725680740085,1.2495844496660804,0.12818610191887025,1.4888013042027184,False,False,0.9128535424532771,13
classical_cubic:steps=1:current_plus_eps:unrepaired,classical_cubic,1,current_plus_eps,unrepaired,0.0001,0.75,1,0.06361454523915885,1.2495844496660804,0.05339311987371051,1.4888013042027184,False,False,1.2932091851421426,18
classical_cubic:steps=1:current_plus_eps:unrepaired,classical_cubic,1,current_plus_eps,unrepaired,0.0001,0.9,1,0.152725680740085,1.2495844496660804,0.12818610191887025,1.4888013042027184,False,False,0.9128535424532771,13
classical_cubic:steps=1:current_plus_eps:unrepaired,classical_cubic,1,current_plus_eps,unrepaired,0.0001,1.0,1,0.1819630459804838,1.2495844496660804,0.152725680740085,1.4888013042027184,False,False,0.836782413915504,12
classical_cubic:steps=1:current_plus_eps:unrepaired,classical_cubic,1,current_plus_eps,unrepaired,1e-05,0.75,1,0.07579273089036216,1.2495844496660804,0.06361454523915885,1.4888013042027184,False,False,1.2171380566043695,17
classical_cubic:steps=1:current_plus_eps:unrepaired,classical_cubic,1,current_plus_eps,unrepaired,1e-05,0.9,1,0.2167975283661992,1.2495844496660804,0.1819630459804838,1.4888013042027184,False,False,0.7607112853777309,11
classical_cubic:steps=1:current_plus_eps:unrepaired,classical_cubic,1,current_plus_eps,unrepaired,1e-05,1.0,1,0.2167975283661992,1.2495844496660804,0.1819630459804838,1.4888013042027184,False,False,0.7607112853777309,11
classical_cubic:steps=1:current_plus_eps:raw_grid_repair_1.02x,classical_cubic,1,current_plus_eps,raw_grid_repair_1.02x,0.001,0.75,1,0.04481404746557166,1.2495844496660804,0.037613438866218936,1.4888013042027184,False,False,1.4453514422176887,20
classical_cubic:steps=1:current_plus_eps:raw_grid_repair_1.02x,classical_cubic,1,current_plus_eps,raw_grid_repair_1.02x,0.001,0.9,1,0.12818610191887025,1.2495844496660804,0.10758948099317438,1.4888013042027184,False,False,0.9889246709910502,14
classical_cubic:steps=1:current_plus_eps:raw_grid_repair_1.02x,classical_cubic,1,current_plus_eps,raw_grid_repair_1.02x,0.001,1.0,1,0.152725680740085,1.2495844496660804,0.12818610191887025,1.4888013042027184,False,False,0.9128535424532771,13
classical_cubic:steps=1:current_plus_eps:raw_grid_repair_1.02x,classical_cubic,1,current_plus_eps,raw_grid_repair_1.02x,0.0001,0.75,1,0.06361454523915885,1.2495844496660804,0.05339311987371051,1.4888013042027184,False,False,1.2932091851421426,18
classical_cubic:steps=1:current_plus_eps:raw_grid_repair_1.02x,classical_cubic,1,current_plus_eps,raw_grid_repair_1.02x,0.0001,0.9,1,0.152725680740085,1.2495844496660804,0.12818610191887025,1.4888013042027184,False,False,0.9128535424532771,13
classical_cubic:steps=1:current_plus_eps:raw_grid_repair_1.02x,classical_cubic,1,current_plus_eps,raw_grid_repair_1.02x,0.0001,1.0,1,0.1819630459804838,1.2495844496660804,0.152725680740085,1.4888013042027184,False,False,0.836782413915504,12
classical_cubic:steps=1:current_plus_eps:raw_grid_repair_1.02x,classical_cubic,1,current_plus_eps,raw_grid_repair_1.02x,1e-05,0.75,1,0.07579273089036216,1.2495844496660804,0.06361454523915885,1.4888013042027184,False,False,1.2171380566043695,17
classical_cubic:steps=1:current_plus_eps:raw_grid_repair_1.02x,classical_cubic,1,current_plus_eps,raw_grid_repair_1.02x,1e-05,0.9,1,0.2167975283661992,1.2495844496660804,0.1819630459804838,1.4888013042027184,False,False,0.7607112853777309,11
classical_cubic:steps=1:current_plus_eps:raw_grid_repair_1.02x,classical_cubic,1,current_plus_eps,raw_grid_repair_1.02x,1e-05,1.0,1,0.2167975283661992,1.2495844496660804,0.1819630459804838,1.4888013042027184,False,False,0.7607112853777309,11
classical_cubic:steps=1:current_plus_eps:gain_matched_grid_repair_1.02x,classical_cubic,1,current_plus_eps,gain_matched_grid_repair_1.02x,0.001,0.75,1,0.04481404746557166,1.2495844496660804,0.037613438866218936,1.4888013042027184,False,False,1.4453514422176887,20
classical_cubic:steps=1:current_plus_eps:gain_matched_grid_repair_1.02x,classical_cubic,1,current_plus_eps,gain_matched_grid_repair_1.02x,0.001,0.9,1,0.12818610191887025,1.2495844496660804,0.10758948099317438,1.4888013042027184,False,False,0.9889246709910502,14
classical_cubic:steps=1:current_plus_eps:gain_matched_grid_repair_1.02x,classical_cubic,1,current_plus_eps,gain_matched_grid_repair_1.02x,0.001,1.0,1,0.152725680740085,1.2495844496660804,0.12818610191887025,1.4888013042027184,False,False,0.9128535424532771,13
classical_cubic:steps=1:current_plus_eps:gain_matched_grid_repair_1.02x,classical_cubic,1,current_plus_eps,gain_matched_grid_repair_1.02x,0.0001,0.75,1,0.06361454523915885,1.2495844496660804,0.05339311987371051,1.4888013042027184,False,False,1.2932091851421426,18
classical_cubic:steps=1:current_plus_eps:gain_matched_grid_repair_1.02x,classical_cubic,1,current_plus_eps,gain_matched_grid_repair_1.02x,0.0001,0.9,1,0.152725680740085,1.2495844496660804,0.12818610191887025,1.4888013042027184,False,False,0.9128535424532771,13
classical_cubic:steps=1:current_plus_eps:gain_matched_grid_repair_1.02x,classical_cubic,1,current_plus_eps,gain_matched_grid_repair_1.02x,0.0001,1.0,1,0.1819630459804838,1.2495844496660804,0.152725680740085,1.4888013042027184,False,False,0.836782413915504,12
classical_cubic:steps=1:current_plus_eps:gain_matched_grid_repair_1.02x,classical_cubic,1,current_plus_eps,gain_matched_grid_repair_1.02x,1e-05,0.75,1,0.07579273089036216,1.2495844496660804,0.06361454523915885,1.4888013042027184,False,False,1.2171380566043695,17
classical_cubic:steps=1:current_plus_eps:gain_matched_grid_repair_1.02x,classical_cubic,1,current_plus_eps,gain_matched_grid_repair_1.02x,1e-05,0.9,1,0.2167975283661992,1.2495844496660804,0.1819630459804838,1.4888013042027184,False,False,0.7607112853777309,11
classical_cubic:steps=1:current_plus_eps:gain_matched_grid_repair_1.02x,classical_cubic,1,current_plus_eps,gain_matched_grid_repair_1.02x,1e-05,1.0,1,0.2167975283661992,1.2495844496660804,0.1819630459804838,1.4888013042027184,False,False,0.7607112853777309,11
classical_cubic:steps=1:current_plus_eps:gain_only_unrepaired_control,classical_cubic,1,current_plus_eps,gain_only_unrepaired_control,0.001,0.75,1,0.04481404746557166,1.2495844496660804,0.037613438866218936,1.4888013042027184,False,False,1.4453514422176887,20
classical_cubic:steps=1:current_plus_eps:gain_only_unrepaired_control,classical_cubic,1,current_plus_eps,gain_only_unrepaired_control,0.001,0.9,1,0.12818610191887025,1.2495844496660804,0.10758948099317438,1.4888013042027184,False,False,0.9889246709910502,14
classical_cubic:steps=1:current_plus_eps:gain_only_unrepaired_control,classical_cubic,1,current_plus_eps,gain_only_unrepaired_control,0.001,1.0,1,0.152725680740085,1.2495844496660804,0.12818610191887025,1.4888013042027184,False,False,0.9128535424532771,13
classical_cubic:steps=1:current_plus_eps:gain_only_unrepaired_control,classical_cubic,1,current_plus_eps,gain_only_unrepaired_control,0.0001,0.75,1,0.06361454523915885,1.2495844496660804,0.05339311987371051,1.4888013042027184,False,False,1.2932091851421426,18
classical_cubic:steps=1:current_plus_eps:gain_only_unrepaired_control,classical_cubic,1,current_plus_eps,gain_only_unrepaired_control,0.0001,0.9,1,0.152725680740085,1.2495844496660804,0.12818610191887025,1.4888013042027184,False,False,0.9128535424532771,13
classical_cubic:steps=1:current_plus_eps:gain_only_unrepaired_control,classical_cubic,1,current_plus_eps,gain_only_unrepaired_control,0.0001,1.0,1,0.1819630459804838,1.2495844496660804,0.152725680740085,1.4888013042027184,False,False,0.836782413915504,12
classical_cubic:steps=1:current_plus_eps:gain_only_unrepaired_control,classical_cubic,1,current_plus_eps,gain_only_unrepaired_control,1e-05,0.75,1,0.07579273089036216,1.2495844496660804,0.06361454523915885,1.4888013042027184,False,False,1.2171380566043695,17
classical_cubic:steps=1:current_plus_eps:gain_only_unrepaired_control,classical_cubic,1,current_plus_eps,gain_only_unrepaired_control,1e-05,0.9,1,0.2167975283661992,1.2495844496660804,0.1819630459804838,1.4888013042027184,False,False,0.7607112853777309,11
classical_cubic:steps=1:current_plus_eps:gain_only_unrepaired_control,classical_cubic,1,current_plus_eps,gain_only_unrepaired_control,1e-05,1.0,1,0.2167975283661992,1.2495844496660804,0.1819630459804838,1.4888013042027184,False,False,0.7607112853777309,11
classical_cubic:steps=1:fixed_scale:fixed_scale_control,classical_cubic,1,fixed_scale,fixed_scale_control,0.001,0.75,1,0.037613438866218936,1.2495844496660804,0.031569805972774166,1.4888013042027184,False,False,1.5214225707554618,21
classical_cubic:steps=1:fixed_scale:fixed_scale_control,classical_cubic,1,fixed_scale,fixed_scale_control,0.001,0.9,1,0.10758948099317438,1.2495844496660804,0.09030227339081447,1.4888013042027184,False,False,1.0649957995288233,15
classical_cubic:steps=1:fixed_scale:fixed_scale_control,classical_cubic,1,fixed_scale,fixed_scale_control,0.001,1.0,1,0.10758948099317438,1.2495844496660804,0.09030227339081447,1.4888013042027184,False,False,1.0649957995288233,15
classical_cubic:steps=1:fixed_scale:fixed_scale_control,classical_cubic,1,fixed_scale,fixed_scale_control,0.0001,0.75,1,0.05339311987371051,1.2495844496660804,0.04481404746557166,1.4888013042027184,False,False,1.3692803136799157,19
classical_cubic:steps=1:fixed_scale:fixed_scale_control,classical_cubic,1,fixed_scale,fixed_scale_control,0.0001,0.9,1,0.152725680740085,1.2495844496660804,0.12818610191887025,1.4888013042027184,False,False,0.9128535424532771,13
classical_cubic:steps=1:fixed_scale:fixed_scale_control,classical_cubic,1,fixed_scale,fixed_scale_control,0.0001,1.0,1,0.152725680740085,1.2495844496660804,0.12818610191887025,1.4888013042027184,False,False,0.9128535424532771,13
classical_cubic:steps=1:fixed_scale:fixed_scale_control,classical_cubic,1,fixed_scale,fixed_scale_control,1e-05,0.75,1,0.06361454523915885,1.2495844496660804,0.05339311987371051,1.4888013042027184,False,False,1.2932091851421426,18
classical_cubic:steps=1:fixed_scale:fixed_scale_control,classical_cubic,1,fixed_scale,fixed_scale_control,1e-05,0.9,1,0.1819630459804838,1.2495844496660804,0.152725680740085,1.4888013042027184,False,False,0.836782413915504,12
classical_cubic:steps=1:fixed_scale:fixed_scale_control,classical_cubic,1,fixed_scale,fixed_scale_control,1e-05,1.0,1,0.1819630459804838,1.2495844496660804,0.152725680740085,1.4888013042027184,False,False,0.836782413915504,12
classical_cubic:steps=2:current_plus_eps:unrepaired,classical_cubic,2,current_plus_eps,unrepaired,0.001,0.75,1,0.031569805972774166,0.8802851082098913,0.026497248834477422,1.0488043585396196,False,False,1.4453514422176887,20
classical_cubic:steps=2:current_plus_eps:unrepaired,classical_cubic,2,current_plus_eps,unrepaired,0.001,0.9,1,0.09030227339081447,0.8802851082098913,0.07579273089036216,1.0488043585396196,False,False,0.9889246709910502,14
classical_cubic:steps=2:current_plus_eps:unrepaired,classical_cubic,2,current_plus_eps,unrepaired,0.001,1.0,1,0.10758948099317438,0.8802851082098913,0.09030227339081447,1.0488043585396196,False,False,0.9128535424532771,13
classical_cubic:steps=2:current_plus_eps:unrepaired,classical_cubic,2,current_plus_eps,unrepaired,0.0001,0.75,1,0.037613438866218936,0.8802851082098913,0.031569805972774166,1.0488043585396196,False,False,1.3692803136799157,19
classical_cubic:steps=2:current_plus_eps:unrepaired,classical_cubic,2,current_plus_eps,unrepaired,0.0001,0.9,1,0.10758948099317438,0.8802851082098913,0.09030227339081447,1.0488043585396196,False,False,0.9128535424532771,13
classical_cubic:steps=2:current_plus_eps:unrepaired,classical_cubic,2,current_plus_eps,unrepaired,0.0001,1.0,1,0.12818610191887025,0.8802851082098913,0.10758948099317438,1.0488043585396196,False,False,0.836782413915504,12
classical_cubic:steps=2:current_plus_eps:unrepaired,classical_cubic,2,current_plus_eps,unrepaired,1e-05,0.75,1,0.04481404746557166,0.8802851082098913,0.037613438866218936,1.0488043585396196,False,False,1.2932091851421426,18
classical_cubic:steps=2:current_plus_eps:unrepaired,classical_cubic,2,current_plus_eps,unrepaired,1e-05,0.9,1,0.12818610191887025,0.8802851082098913,0.10758948099317438,1.0488043585396196,False,False,0.836782413915504,12
classical_cubic:steps=2:current_plus_eps:unrepaired,classical_cubic,2,current_plus_eps,unrepaired,1e-05,1.0,1,0.152725680740085,0.8802851082098913,0.12818610191887025,1.0488043585396196,False,False,0.7607112853777309,11
classical_cubic:steps=2:current_plus_eps:raw_grid_repair_1.02x,classical_cubic,2,current_plus_eps,raw_grid_repair_1.02x,0.001,0.75,1,0.031569805972774166,0.8802851082098913,0.026497248834477422,1.0488043585396196,False,False,1.4453514422176887,20
classical_cubic:steps=2:current_plus_eps:raw_grid_repair_1.02x,classical_cubic,2,current_plus_eps,raw_grid_repair_1.02x,0.001,0.9,1,0.09030227339081447,0.8802851082098913,0.07579273089036216,1.0488043585396196,False,False,0.9889246709910502,14
classical_cubic:steps=2:current_plus_eps:raw_grid_repair_1.02x,classical_cubic,2,current_plus_eps,raw_grid_repair_1.02x,0.001,1.0,1,0.09030227339081447,0.8802851082098913,0.07579273089036216,1.0488043585396196,False,False,0.9889246709910502,14
classical_cubic:steps=2:current_plus_eps:raw_grid_repair_1.02x,classical_cubic,2,current_plus_eps,raw_grid_repair_1.02x,0.0001,0.75,1,0.037613438866218936,0.8802851082098913,0.031569805972774166,1.0488043585396196,False,False,1.3692803136799157,19
classical_cubic:steps=2:current_plus_eps:raw_grid_repair_1.02x,classical_cubic,2,current_plus_eps,raw_grid_repair_1.02x,0.0001,0.9,1,0.10758948099317438,0.8802851082098913,0.09030227339081447,1.0488043585396196,False,False,0.9128535424532771,13
classical_cubic:steps=2:current_plus_eps:raw_grid_repair_1.02x,classical_cubic,2,current_plus_eps,raw_grid_repair_1.02x,0.0001,1.0,1,0.12818610191887025,0.8802851082098913,0.10758948099317438,1.0488043585396196,False,False,0.836782413915504,12
classical_cubic:steps=2:current_plus_eps:raw_grid_repair_1.02x,classical_cubic,2,current_plus_eps,raw_grid_repair_1.02x,1e-05,0.75,1,0.04481404746557166,0.8802851082098913,0.037613438866218936,1.0488043585396196,False,False,1.2932091851421426,18
classical_cubic:steps=2:current_plus_eps:raw_grid_repair_1.02x,classical_cubic,2,current_plus_eps,raw_grid_repair_1.02x,1e-05,0.9,1,0.12818610191887025,0.8802851082098913,0.10758948099317438,1.0488043585396196,False,False,0.836782413915504,12
classical_cubic:steps=2:current_plus_eps:raw_grid_repair_1.02x,classical_cubic,2,current_plus_eps,raw_grid_repair_1.02x,1e-05,1.0,1,0.152725680740085,0.8802851082098913,0.12818610191887025,1.0488043585396196,False,False,0.7607112853777309,11
classical_cubic:steps=2:current_plus_eps:gain_matched_grid_repair_1.02x,classical_cubic,2,current_plus_eps,gain_matched_grid_repair_1.02x,0.001,0.75,1,0.031569805972774166,0.8802851082098913,0.026497248834477422,1.0488043585396196,False,False,1.4453514422176887,20
classical_cubic:steps=2:current_plus_eps:gain_matched_grid_repair_1.02x,classical_cubic,2,current_plus_eps,gain_matched_grid_repair_1.02x,0.001,0.9,1,0.09030227339081447,0.8802851082098913,0.07579273089036216,1.0488043585396196,False,False,0.9889246709910502,14
classical_cubic:steps=2:current_plus_eps:gain_matched_grid_repair_1.02x,classical_cubic,2,current_plus_eps,gain_matched_grid_repair_1.02x,0.001,1.0,1,0.09030227339081447,0.8802851082098913,0.07579273089036216,1.0488043585396196,False,False,0.9889246709910502,14
classical_cubic:steps=2:current_plus_eps:gain_matched_grid_repair_1.02x,classical_cubic,2,current_plus_eps,gain_matched_grid_repair_1.02x,0.0001,0.75,1,0.037613438866218936,0.8802851082098913,0.031569805972774166,1.0488043585396196,False,False,1.3692803136799157,19
classical_cubic:steps=2:current_plus_eps:gain_matched_grid_repair_1.02x,classical_cubic,2,current_plus_eps,gain_matched_grid_repair_1.02x,0.0001,0.9,1,0.10758948099317438,0.8802851082098913,0.09030227339081447,1.0488043585396196,False,False,0.9128535424532771,13
classical_cubic:steps=2:current_plus_eps:gain_matched_grid_repair_1.02x,classical_cubic,2,current_plus_eps,gain_matched_grid_repair_1.02x,0.0001,1.0,1,0.12818610191887025,0.8802851082098913,0.10758948099317438,1.0488043585396196,False,False,0.836782413915504,12
classical_cubic:steps=2:current_plus_eps:gain_matched_grid_repair_1.02x,classical_cubic,2,current_plus_eps,gain_matched_grid_repair_1.02x,1e-05,0.75,1,0.04481404746557166,0.8802851082098913,0.037613438866218936,1.0488043585396196,False,False,1.2932091851421426,18
classical_cubic:steps=2:current_plus_eps:gain_matched_grid_repair_1.02x,classical_cubic,2,current_plus_eps,gain_matched_grid_repair_1.02x,1e-05,0.9,1,0.12818610191887025,0.8802851082098913,0.10758948099317438,1.0488043585396196,False,False,0.836782413915504,12
classical_cubic:steps=2:current_plus_eps:gain_matched_grid_repair_1.02x,classical_cubic,2,current_plus_eps,gain_matched_grid_repair_1.02x,1e-05,1.0,1,0.152725680740085,0.8802851082098913,0.12818610191887025,1.0488043585396196,False,False,0.7607112853777309,11
classical_cubic:steps=2:current_plus_eps:gain_only_unrepaired_control,classical_cubic,2,current_plus_eps,gain_only_unrepaired_control,0.001,0.75,1,0.031569805972774166,0.8802851082098913,0.026497248834477422,1.0488043585396196,False,False,1.4453514422176887,20
classical_cubic:steps=2:current_plus_eps:gain_only_unrepaired_control,classical_cubic,2,current_plus_eps,gain_only_unrepaired_control,0.001,0.9,1,0.09030227339081447,0.8802851082098913,0.07579273089036216,1.0488043585396196,False,False,0.9889246709910502,14
classical_cubic:steps=2:current_plus_eps:gain_only_unrepaired_control,classical_cubic,2,current_plus_eps,gain_only_unrepaired_control,0.001,1.0,1,0.09030227339081447,0.8802851082098913,0.07579273089036216,1.0488043585396196,False,False,0.9889246709910502,14
classical_cubic:steps=2:current_plus_eps:gain_only_unrepaired_control,classical_cubic,2,current_plus_eps,gain_only_unrepaired_control,0.0001,0.75,1,0.037613438866218936,0.8802851082098913,0.031569805972774166,1.0488043585396196,False,False,1.3692803136799157,19
classical_cubic:steps=2:current_plus_eps:gain_only_unrepaired_control,classical_cubic,2,current_plus_eps,gain_only_unrepaired_control,0.0001,0.9,1,0.10758948099317438,0.8802851082098913,0.09030227339081447,1.0488043585396196,False,False,0.9128535424532771,13
classical_cubic:steps=2:current_plus_eps:gain_only_unrepaired_control,classical_cubic,2,current_plus_eps,gain_only_unrepaired_control,0.0001,1.0,1,0.12818610191887025,0.8802851082098913,0.10758948099317438,1.0488043585396196,False,False,0.836782413915504,12
classical_cubic:steps=2:current_plus_eps:gain_only_unrepaired_control,classical_cubic,2,current_plus_eps,gain_only_unrepaired_control,1e-05,0.75,1,0.04481404746557166,0.8802851082098913,0.037613438866218936,1.0488043585396196,False,False,1.2932091851421426,18
classical_cubic:steps=2:current_plus_eps:gain_only_unrepaired_control,classical_cubic,2,current_plus_eps,gain_only_unrepaired_control,1e-05,0.9,1,0.12818610191887025,0.8802851082098913,0.10758948099317438,1.0488043585396196,False,False,0.836782413915504,12
classical_cubic:steps=2:current_plus_eps:gain_only_unrepaired_control,classical_cubic,2,current_plus_eps,gain_only_unrepaired_control,1e-05,1.0,1,0.152725680740085,0.8802851082098913,0.12818610191887025,1.0488043585396196,False,False,0.7607112853777309,11
classical_cubic:steps=2:fixed_scale:fixed_scale_control,classical_cubic,2,fixed_scale,fixed_scale_control,0.001,0.75,1,0.026497248834477422,0.8802851082098913,0.022239737437781862,1.0488043585396196,False,False,1.5214225707554618,21
classical_cubic:steps=2:fixed_scale:fixed_scale_control,classical_cubic,2,fixed_scale,fixed_scale_control,0.001,0.9,1,0.07579273089036216,0.8802851082098913,0.06361454523915885,1.0488043585396196,False,False,1.0649957995288233,15
classical_cubic:steps=2:fixed_scale:fixed_scale_control,classical_cubic,2,fixed_scale,fixed_scale_control,0.001,1.0,1,0.09030227339081447,0.8802851082098913,0.07579273089036216,1.0488043585396196,False,False,0.9889246709910502,14
classical_cubic:steps=2:fixed_scale:fixed_scale_control,classical_cubic,2,fixed_scale,fixed_scale_control,0.0001,0.75,1,0.037613438866218936,0.8802851082098913,0.031569805972774166,1.0488043585396196,False,False,1.3692803136799157,19
classical_cubic:steps=2:fixed_scale:fixed_scale_control,classical_cubic,2,fixed_scale,fixed_scale_control,0.0001,0.9,1,0.10758948099317438,0.8802851082098913,0.09030227339081447,1.0488043585396196,False,False,0.9128535424532771,13
classical_cubic:steps=2:fixed_scale:fixed_scale_control,classical_cubic,2,fixed_scale,fixed_scale_control,0.0001,1.0,1,0.10758948099317438,0.8802851082098913,0.09030227339081447,1.0488043585396196,False,False,0.9128535424532771,13
classical_cubic:steps=2:fixed_scale:fixed_scale_control,classical_cubic,2,fixed_scale,fixed_scale_control,1e-05,0.75,1,0.04481404746557166,0.8802851082098913,0.037613438866218936,1.0488043585396196,False,False,1.2932091851421426,18
classical_cubic:steps=2:fixed_scale:fixed_scale_control,classical_cubic,2,fixed_scale,fixed_scale_control,1e-05,0.9,1,0.12818610191887025,0.8802851082098913,0.10758948099317438,1.0488043585396196,False,False,0.836782413915504,12
classical_cubic:steps=2:fixed_scale:fixed_scale_control,classical_cubic,2,fixed_scale,fixed_scale_control,1e-05,1.0,1,0.12818610191887025,0.8802851082098913,0.10758948099317438,1.0488043585396196,False,False,0.836782413915504,12
classical_cubic:steps=3:current_plus_eps:unrepaired,classical_cubic,3,current_plus_eps,unrepaired,0.001,0.75,1,0.026497248834477422,0.5204870989490936,0.022239737437781862,0.620127652791432,False,False,1.2932091851421426,18
classical_cubic:steps=3:current_plus_eps:unrepaired,classical_cubic,3,current_plus_eps,unrepaired,0.001,0.9,1,0.06361454523915885,0.5204870989490936,0.05339311987371051,0.620127652791432,False,False,0.9128535424532772,13
classical_cubic:steps=3:current_plus_eps:unrepaired,classical_cubic,3,current_plus_eps,unrepaired,0.001,1.0,1,0.07579273089036216,0.5204870989490936,0.06361454523915885,0.620127652791432,False,False,0.836782413915504,12
classical_cubic:steps=3:current_plus_eps:unrepaired,classical_cubic,3,current_plus_eps,unrepaired,0.0001,0.75,1,0.031569805972774166,0.5204870989490936,0.026497248834477422,0.620127652791432,False,False,1.2171380566043695,17
classical_cubic:steps=3:current_plus_eps:unrepaired,classical_cubic,3,current_plus_eps,unrepaired,0.0001,0.9,1,0.07579273089036216,0.5204870989490936,0.06361454523915885,0.620127652791432,False,False,0.836782413915504,12
classical_cubic:steps=3:current_plus_eps:unrepaired,classical_cubic,3,current_plus_eps,unrepaired,0.0001,1.0,1,0.09030227339081447,0.5204870989490936,0.07579273089036216,0.620127652791432,False,False,0.760711285377731,11
classical_cubic:steps=3:current_plus_eps:unrepaired,classical_cubic,3,current_plus_eps,unrepaired,1e-05,0.75,1,0.037613438866218936,0.5204870989490936,0.031569805972774166,0.620127652791432,False,False,1.1410669280665964,16
classical_cubic:steps=3:current_plus_eps:unrepaired,classical_cubic,3,current_plus_eps,unrepaired,1e-05,0.9,1,0.09030227339081447,0.5204870989490936,0.07579273089036216,0.620127652791432,False,False,0.760711285377731,11
classical_cubic:steps=3:current_plus_eps:unrepaired,classical_cubic,3,current_plus_eps,unrepaired,1e-05,1.0,1,0.10758948099317438,0.5204870989490936,0.09030227339081447,0.620127652791432,False,False,0.6846401568399578,10
classical_cubic:steps=3:current_plus_eps:raw_grid_repair_1.02x,classical_cubic,3,current_plus_eps,raw_grid_repair_1.02x,0.001,0.75,1,0.022239737437781862,0.5204870989490936,0.01866631227985865,0.620127652791432,False,False,1.3692803136799157,19
classical_cubic:steps=3:current_plus_eps:raw_grid_repair_1.02x,classical_cubic,3,current_plus_eps,raw_grid_repair_1.02x,0.001,0.9,1,0.06361454523915885,0.5204870989490936,0.05339311987371051,0.620127652791432,False,False,0.9128535424532772,13
classical_cubic:steps=3:current_plus_eps:raw_grid_repair_1.02x,classical_cubic,3,current_plus_eps,raw_grid_repair_1.02x,0.001,1.0,1,0.07579273089036216,0.5204870989490936,0.06361454523915885,0.620127652791432,False,False,0.836782413915504,12
classical_cubic:steps=3:current_plus_eps:raw_grid_repair_1.02x,classical_cubic,3,current_plus_eps,raw_grid_repair_1.02x,0.0001,0.75,1,0.031569805972774166,0.5204870989490936,0.026497248834477422,0.620127652791432,False,False,1.2171380566043695,17
classical_cubic:steps=3:current_plus_eps:raw_grid_repair_1.02x,classical_cubic,3,current_plus_eps,raw_grid_repair_1.02x,0.0001,0.9,1,0.07579273089036216,0.5204870989490936,0.06361454523915885,0.620127652791432,False,False,0.836782413915504,12
classical_cubic:steps=3:current_plus_eps:raw_grid_repair_1.02x,classical_cubic,3,current_plus_eps,raw_grid_repair_1.02x,0.0001,1.0,1,0.09030227339081447,0.5204870989490936,0.07579273089036216,0.620127652791432,False,False,0.760711285377731,11
classical_cubic:steps=3:current_plus_eps:raw_grid_repair_1.02x,classical_cubic,3,current_plus_eps,raw_grid_repair_1.02x,1e-05,0.75,1,0.037613438866218936,0.5204870989490936,0.031569805972774166,0.620127652791432,False,False,1.1410669280665964,16
classical_cubic:steps=3:current_plus_eps:raw_grid_repair_1.02x,classical_cubic,3,current_plus_eps,raw_grid_repair_1.02x,1e-05,0.9,1,0.09030227339081447,0.5204870989490936,0.07579273089036216,0.620127652791432,False,False,0.760711285377731,11
classical_cubic:steps=3:current_plus_eps:raw_grid_repair_1.02x,classical_cubic,3,current_plus_eps,raw_grid_repair_1.02x,1e-05,1.0,1,0.10758948099317438,0.5204870989490936,0.09030227339081447,0.620127652791432,False,False,0.6846401568399578,10
classical_cubic:steps=3:current_plus_eps:gain_matched_grid_repair_1.02x,classical_cubic,3,current_plus_eps,gain_matched_grid_repair_1.02x,0.001,0.75,1,0.026497248834477422,0.5204870989490936,0.022239737437781862,0.620127652791432,False,False,1.2932091851421426,18
classical_cubic:steps=3:current_plus_eps:gain_matched_grid_repair_1.02x,classical_cubic,3,current_plus_eps,gain_matched_grid_repair_1.02x,0.001,0.9,1,0.06361454523915885,0.5204870989490936,0.05339311987371051,0.620127652791432,False,False,0.9128535424532772,13
classical_cubic:steps=3:current_plus_eps:gain_matched_grid_repair_1.02x,classical_cubic,3,current_plus_eps,gain_matched_grid_repair_1.02x,0.001,1.0,1,0.07579273089036216,0.5204870989490936,0.06361454523915885,0.620127652791432,False,False,0.836782413915504,12
classical_cubic:steps=3:current_plus_eps:gain_matched_grid_repair_1.02x,classical_cubic,3,current_plus_eps,gain_matched_grid_repair_1.02x,0.0001,0.75,1,0.031569805972774166,0.5204870989490936,0.026497248834477422,0.620127652791432,False,False,1.2171380566043695,17
classical_cubic:steps=3:current_plus_eps:gain_matched_grid_repair_1.02x,classical_cubic,3,current_plus_eps,gain_matched_grid_repair_1.02x,0.0001,0.9,1,0.07579273089036216,0.5204870989490936,0.06361454523915885,0.620127652791432,False,False,0.836782413915504,12
classical_cubic:steps=3:current_plus_eps:gain_matched_grid_repair_1.02x,classical_cubic,3,current_plus_eps,gain_matched_grid_repair_1.02x,0.0001,1.0,1,0.09030227339081447,0.5204870989490936,0.07579273089036216,0.620127652791432,False,False,0.760711285377731,11
classical_cubic:steps=3:current_plus_eps:gain_matched_grid_repair_1.02x,classical_cubic,3,current_plus_eps,gain_matched_grid_repair_1.02x,1e-05,0.75,1,0.037613438866218936,0.5204870989490936,0.031569805972774166,0.620127652791432,False,False,1.1410669280665964,16
classical_cubic:steps=3:current_plus_eps:gain_matched_grid_repair_1.02x,classical_cubic,3,current_plus_eps,gain_matched_grid_repair_1.02x,1e-05,0.9,1,0.09030227339081447,0.5204870989490936,0.07579273089036216,0.620127652791432,False,False,0.760711285377731,11
classical_cubic:steps=3:current_plus_eps:gain_matched_grid_repair_1.02x,classical_cubic,3,current_plus_eps,gain_matched_grid_repair_1.02x,1e-05,1.0,1,0.10758948099317438,0.5204870989490936,0.09030227339081447,0.620127652791432,False,False,0.6846401568399578,10
classical_cubic:steps=3:current_plus_eps:gain_only_unrepaired_control,classical_cubic,3,current_plus_eps,gain_only_unrepaired_control,0.001,0.75,1,0.026497248834477422,0.5204870989490936,0.022239737437781862,0.620127652791432,False,False,1.2932091851421426,18
classical_cubic:steps=3:current_plus_eps:gain_only_unrepaired_control,classical_cubic,3,current_plus_eps,gain_only_unrepaired_control,0.001,0.9,1,0.06361454523915885,0.5204870989490936,0.05339311987371051,0.620127652791432,False,False,0.9128535424532772,13
classical_cubic:steps=3:current_plus_eps:gain_only_unrepaired_control,classical_cubic,3,current_plus_eps,gain_only_unrepaired_control,0.001,1.0,1,0.07579273089036216,0.5204870989490936,0.06361454523915885,0.620127652791432,False,False,0.836782413915504,12
classical_cubic:steps=3:current_plus_eps:gain_only_unrepaired_control,classical_cubic,3,current_plus_eps,gain_only_unrepaired_control,0.0001,0.75,1,0.031569805972774166,0.5204870989490936,0.026497248834477422,0.620127652791432,False,False,1.2171380566043695,17
classical_cubic:steps=3:current_plus_eps:gain_only_unrepaired_control,classical_cubic,3,current_plus_eps,gain_only_unrepaired_control,0.0001,0.9,1,0.07579273089036216,0.5204870989490936,0.06361454523915885,0.620127652791432,False,False,0.836782413915504,12
classical_cubic:steps=3:current_plus_eps:gain_only_unrepaired_control,classical_cubic,3,current_plus_eps,gain_only_unrepaired_control,0.0001,1.0,1,0.09030227339081447,0.5204870989490936,0.07579273089036216,0.620127652791432,False,False,0.760711285377731,11
classical_cubic:steps=3:current_plus_eps:gain_only_unrepaired_control,classical_cubic,3,current_plus_eps,gain_only_unrepaired_control,1e-05,0.75,1,0.037613438866218936,0.5204870989490936,0.031569805972774166,0.620127652791432,False,False,1.1410669280665964,16
classical_cubic:steps=3:current_plus_eps:gain_only_unrepaired_control,classical_cubic,3,current_plus_eps,gain_only_unrepaired_control,1e-05,0.9,1,0.09030227339081447,0.5204870989490936,0.07579273089036216,0.620127652791432,False,False,0.760711285377731,11
classical_cubic:steps=3:current_plus_eps:gain_only_unrepaired_control,classical_cubic,3,current_plus_eps,gain_only_unrepaired_control,1e-05,1.0,1,0.10758948099317438,0.5204870989490936,0.09030227339081447,0.620127652791432,False,False,0.6846401568399578,10
classical_cubic:steps=3:fixed_scale:fixed_scale_control,classical_cubic,3,fixed_scale,fixed_scale_control,0.001,0.75,1,0.022239737437781862,0.5204870989490936,0.01866631227985865,0.620127652791432,False,False,1.3692803136799157,19
classical_cubic:steps=3:fixed_scale:fixed_scale_control,classical_cubic,3,fixed_scale,fixed_scale_control,0.001,0.9,1,0.05339311987371051,0.5204870989490936,0.04481404746557166,0.620127652791432,False,False,0.9889246709910502,14
classical_cubic:steps=3:fixed_scale:fixed_scale_control,classical_cubic,3,fixed_scale,fixed_scale_control,0.001,1.0,1,0.06361454523915885,0.5204870989490936,0.05339311987371051,0.620127652791432,False,False,0.9128535424532772,13
classical_cubic:steps=3:fixed_scale:fixed_scale_control,classical_cubic,3,fixed_scale,fixed_scale_control,0.0001,0.75,1,0.026497248834477422,0.5204870989490936,0.022239737437781862,0.620127652791432,False,False,1.2932091851421426,18
classical_cubic:steps=3:fixed_scale:fixed_scale_control,classical_cubic,3,fixed_scale,fixed_scale_control,0.0001,0.9,1,0.07579273089036216,0.5204870989490936,0.06361454523915885,0.620127652791432,False,False,0.836782413915504,12
classical_cubic:steps=3:fixed_scale:fixed_scale_control,classical_cubic,3,fixed_scale,fixed_scale_control,0.0001,1.0,1,0.07579273089036216,0.5204870989490936,0.06361454523915885,0.620127652791432,False,False,0.836782413915504,12
classical_cubic:steps=3:fixed_scale:fixed_scale_control,classical_cubic,3,fixed_scale,fixed_scale_control,1e-05,0.75,1,0.031569805972774166,0.5204870989490936,0.026497248834477422,0.620127652791432,False,False,1.2171380566043695,17
classical_cubic:steps=3:fixed_scale:fixed_scale_control,classical_cubic,3,fixed_scale,fixed_scale_control,1e-05,0.9,1,0.09030227339081447,0.5204870989490936,0.07579273089036216,0.620127652791432,False,False,0.760711285377731,11
classical_cubic:steps=3:fixed_scale:fixed_scale_control,classical_cubic,3,fixed_scale,fixed_scale_control,1e-05,1.0,1,0.09030227339081447,0.5204870989490936,0.07579273089036216,0.620127652791432,False,False,0.760711285377731,11
classical_cubic:steps=4:current_plus_eps:unrepaired,classical_cubic,4,current_plus_eps,unrepaired,0.001,0.75,1,0.01866631227985865,0.3666635274972342,0.015667056101897645,0.43685653905770555,False,False,1.2932091851421426,18
classical_cubic:steps=4:current_plus_eps:unrepaired,classical_cubic,4,current_plus_eps,unrepaired,0.001,0.9,1,0.04481404746557166,0.3666635274972342,0.037613438866218936,0.43685653905770555,False,False,0.9128535424532771,13
classical_cubic:steps=4:current_plus_eps:unrepaired,classical_cubic,4,current_plus_eps,unrepaired,0.001,1.0,1,0.06361454523915885,0.3666635274972342,0.05339311987371051,0.43685653905770555,False,False,0.7607112853777309,11
classical_cubic:steps=4:current_plus_eps:unrepaired,classical_cubic,4,current_plus_eps,unrepaired,0.0001,0.75,1,0.022239737437781862,0.3666635274972342,0.01866631227985865,0.43685653905770555,False,False,1.2171380566043695,17
classical_cubic:steps=4:current_plus_eps:unrepaired,classical_cubic,4,current_plus_eps,unrepaired,0.0001,0.9,1,0.06361454523915885,0.3666635274972342,0.05339311987371051,0.43685653905770555,False,False,0.7607112853777309,11
classical_cubic:steps=4:current_plus_eps:unrepaired,classical_cubic,4,current_plus_eps,unrepaired,0.0001,1.0,1,0.07579273089036216,0.3666635274972342,0.06361454523915885,0.43685653905770555,False,False,0.6846401568399577,10
classical_cubic:steps=4:current_plus_eps:unrepaired,classical_cubic,4,current_plus_eps,unrepaired,1e-05,0.75,1,0.026497248834477422,0.3666635274972342,0.022239737437781862,0.43685653905770555,False,False,1.1410669280665964,16
classical_cubic:steps=4:current_plus_eps:unrepaired,classical_cubic,4,current_plus_eps,unrepaired,1e-05,0.9,1,0.06361454523915885,0.3666635274972342,0.05339311987371051,0.43685653905770555,False,False,0.7607112853777309,11
classical_cubic:steps=4:current_plus_eps:unrepaired,classical_cubic,4,current_plus_eps,unrepaired,1e-05,1.0,1,0.07579273089036216,0.3666635274972342,0.06361454523915885,0.43685653905770555,False,False,0.6846401568399577,10
classical_cubic:steps=4:current_plus_eps:raw_grid_repair_1.02x,classical_cubic,4,current_plus_eps,raw_grid_repair_1.02x,0.001,0.75,1,0.01866631227985865,0.3666635274972342,0.015667056101897645,0.43685653905770555,False,False,1.2932091851421426,18
classical_cubic:steps=4:current_plus_eps:raw_grid_repair_1.02x,classical_cubic,4,current_plus_eps,raw_grid_repair_1.02x,0.001,0.9,1,0.04481404746557166,0.3666635274972342,0.037613438866218936,0.43685653905770555,False,False,0.9128535424532771,13
classical_cubic:steps=4:current_plus_eps:raw_grid_repair_1.02x,classical_cubic,4,current_plus_eps,raw_grid_repair_1.02x,0.001,1.0,1,0.06361454523915885,0.3666635274972342,0.05339311987371051,0.43685653905770555,False,False,0.7607112853777309,11
classical_cubic:steps=4:current_plus_eps:raw_grid_repair_1.02x,classical_cubic,4,current_plus_eps,raw_grid_repair_1.02x,0.0001,0.75,1,0.022239737437781862,0.3666635274972342,0.01866631227985865,0.43685653905770555,False,False,1.2171380566043695,17
classical_cubic:steps=4:current_plus_eps:raw_grid_repair_1.02x,classical_cubic,4,current_plus_eps,raw_grid_repair_1.02x,0.0001,0.9,1,0.06361454523915885,0.3666635274972342,0.05339311987371051,0.43685653905770555,False,False,0.7607112853777309,11
classical_cubic:steps=4:current_plus_eps:raw_grid_repair_1.02x,classical_cubic,4,current_plus_eps,raw_grid_repair_1.02x,0.0001,1.0,1,0.06361454523915885,0.3666635274972342,0.05339311987371051,0.43685653905770555,False,False,0.7607112853777309,11
classical_cubic:steps=4:current_plus_eps:raw_grid_repair_1.02x,classical_cubic,4,current_plus_eps,raw_grid_repair_1.02x,1e-05,0.75,1,0.026497248834477422,0.3666635274972342,0.022239737437781862,0.43685653905770555,False,False,1.1410669280665964,16
classical_cubic:steps=4:current_plus_eps:raw_grid_repair_1.02x,classical_cubic,4,current_plus_eps,raw_grid_repair_1.02x,1e-05,0.9,1,0.06361454523915885,0.3666635274972342,0.05339311987371051,0.43685653905770555,False,False,0.7607112853777309,11
classical_cubic:steps=4:current_plus_eps:raw_grid_repair_1.02x,classical_cubic,4,current_plus_eps,raw_grid_repair_1.02x,1e-05,1.0,1,0.07579273089036216,0.3666635274972342,0.06361454523915885,0.43685653905770555,False,False,0.6846401568399577,10
classical_cubic:steps=4:current_plus_eps:gain_matched_grid_repair_1.02x,classical_cubic,4,current_plus_eps,gain_matched_grid_repair_1.02x,0.001,0.75,1,0.01866631227985865,0.3666635274972342,0.015667056101897645,0.43685653905770555,False,False,1.2932091851421426,18
classical_cubic:steps=4:current_plus_eps:gain_matched_grid_repair_1.02x,classical_cubic,4,current_plus_eps,gain_matched_grid_repair_1.02x,0.001,0.9,1,0.04481404746557166,0.3666635274972342,0.037613438866218936,0.43685653905770555,False,False,0.9128535424532771,13
classical_cubic:steps=4:current_plus_eps:gain_matched_grid_repair_1.02x,classical_cubic,4,current_plus_eps,gain_matched_grid_repair_1.02x,0.001,1.0,1,0.06361454523915885,0.3666635274972342,0.05339311987371051,0.43685653905770555,False,False,0.7607112853777309,11
classical_cubic:steps=4:current_plus_eps:gain_matched_grid_repair_1.02x,classical_cubic,4,current_plus_eps,gain_matched_grid_repair_1.02x,0.0001,0.75,1,0.022239737437781862,0.3666635274972342,0.01866631227985865,0.43685653905770555,False,False,1.2171380566043695,17
classical_cubic:steps=4:current_plus_eps:gain_matched_grid_repair_1.02x,classical_cubic,4,current_plus_eps,gain_matched_grid_repair_1.02x,0.0001,0.9,1,0.06361454523915885,0.3666635274972342,0.05339311987371051,0.43685653905770555,False,False,0.7607112853777309,11
classical_cubic:steps=4:current_plus_eps:gain_matched_grid_repair_1.02x,classical_cubic,4,current_plus_eps,gain_matched_grid_repair_1.02x,0.0001,1.0,1,0.06361454523915885,0.3666635274972342,0.05339311987371051,0.43685653905770555,False,False,0.7607112853777309,11
classical_cubic:steps=4:current_plus_eps:gain_matched_grid_repair_1.02x,classical_cubic,4,current_plus_eps,gain_matched_grid_repair_1.02x,1e-05,0.75,1,0.026497248834477422,0.3666635274972342,0.022239737437781862,0.43685653905770555,False,False,1.1410669280665964,16
classical_cubic:steps=4:current_plus_eps:gain_matched_grid_repair_1.02x,classical_cubic,4,current_plus_eps,gain_matched_grid_repair_1.02x,1e-05,0.9,1,0.06361454523915885,0.3666635274972342,0.05339311987371051,0.43685653905770555,False,False,0.7607112853777309,11
classical_cubic:steps=4:current_plus_eps:gain_matched_grid_repair_1.02x,classical_cubic,4,current_plus_eps,gain_matched_grid_repair_1.02x,1e-05,1.0,1,0.07579273089036216,0.3666635274972342,0.06361454523915885,0.43685653905770555,False,False,0.6846401568399577,10
classical_cubic:steps=4:current_plus_eps:gain_only_unrepaired_control,classical_cubic,4,current_plus_eps,gain_only_unrepaired_control,0.001,0.75,1,0.01866631227985865,0.3666635274972342,0.015667056101897645,0.43685653905770555,False,False,1.2932091851421426,18
classical_cubic:steps=4:current_plus_eps:gain_only_unrepaired_control,classical_cubic,4,current_plus_eps,gain_only_unrepaired_control,0.001,0.9,1,0.04481404746557166,0.3666635274972342,0.037613438866218936,0.43685653905770555,False,False,0.9128535424532771,13
classical_cubic:steps=4:current_plus_eps:gain_only_unrepaired_control,classical_cubic,4,current_plus_eps,gain_only_unrepaired_control,0.001,1.0,1,0.06361454523915885,0.3666635274972342,0.05339311987371051,0.43685653905770555,False,False,0.7607112853777309,11
classical_cubic:steps=4:current_plus_eps:gain_only_unrepaired_control,classical_cubic,4,current_plus_eps,gain_only_unrepaired_control,0.0001,0.75,1,0.022239737437781862,0.3666635274972342,0.01866631227985865,0.43685653905770555,False,False,1.2171380566043695,17
classical_cubic:steps=4:current_plus_eps:gain_only_unrepaired_control,classical_cubic,4,current_plus_eps,gain_only_unrepaired_control,0.0001,0.9,1,0.06361454523915885,0.3666635274972342,0.05339311987371051,0.43685653905770555,False,False,0.7607112853777309,11
classical_cubic:steps=4:current_plus_eps:gain_only_unrepaired_control,classical_cubic,4,current_plus_eps,gain_only_unrepaired_control,0.0001,1.0,1,0.06361454523915885,0.3666635274972342,0.05339311987371051,0.43685653905770555,False,False,0.7607112853777309,11
classical_cubic:steps=4:current_plus_eps:gain_only_unrepaired_control,classical_cubic,4,current_plus_eps,gain_only_unrepaired_control,1e-05,0.75,1,0.026497248834477422,0.3666635274972342,0.022239737437781862,0.43685653905770555,False,False,1.1410669280665964,16
classical_cubic:steps=4:current_plus_eps:gain_only_unrepaired_control,classical_cubic,4,current_plus_eps,gain_only_unrepaired_control,1e-05,0.9,1,0.06361454523915885,0.3666635274972342,0.05339311987371051,0.43685653905770555,False,False,0.7607112853777309,11
classical_cubic:steps=4:current_plus_eps:gain_only_unrepaired_control,classical_cubic,4,current_plus_eps,gain_only_unrepaired_control,1e-05,1.0,1,0.07579273089036216,0.3666635274972342,0.06361454523915885,0.43685653905770555,False,False,0.6846401568399577,10
classical_cubic:steps=4:fixed_scale:fixed_scale_control,classical_cubic,4,fixed_scale,fixed_scale_control,0.001,0.75,1,0.01866631227985865,0.3666635274972342,0.015667056101897645,0.43685653905770555,False,False,1.2932091851421426,18
classical_cubic:steps=4:fixed_scale:fixed_scale_control,classical_cubic,4,fixed_scale,fixed_scale_control,0.001,0.9,1,0.04481404746557166,0.3666635274972342,0.037613438866218936,0.43685653905770555,False,False,0.9128535424532771,13
classical_cubic:steps=4:fixed_scale:fixed_scale_control,classical_cubic,4,fixed_scale,fixed_scale_control,0.001,1.0,1,0.05339311987371051,0.3666635274972342,0.04481404746557166,0.43685653905770555,False,False,0.836782413915504,12
classical_cubic:steps=4:fixed_scale:fixed_scale_control,classical_cubic,4,fixed_scale,fixed_scale_control,0.0001,0.75,1,0.022239737437781862,0.3666635274972342,0.01866631227985865,0.43685653905770555,False,False,1.2171380566043695,17
classical_cubic:steps=4:fixed_scale:fixed_scale_control,classical_cubic,4,fixed_scale,fixed_scale_control,0.0001,0.9,1,0.05339311987371051,0.3666635274972342,0.04481404746557166,0.43685653905770555,False,False,0.836782413915504,12
classical_cubic:steps=4:fixed_scale:fixed_scale_control,classical_cubic,4,fixed_scale,fixed_scale_control,0.0001,1.0,1,0.06361454523915885,0.3666635274972342,0.05339311987371051,0.43685653905770555,False,False,0.7607112853777309,11
classical_cubic:steps=4:fixed_scale:fixed_scale_control,classical_cubic,4,fixed_scale,fixed_scale_control,1e-05,0.75,1,0.026497248834477422,0.3666635274972342,0.022239737437781862,0.43685653905770555,False,False,1.1410669280665964,16
classical_cubic:steps=4:fixed_scale:fixed_scale_control,classical_cubic,4,fixed_scale,fixed_scale_control,1e-05,0.9,1,0.06361454523915885,0.3666635274972342,0.05339311987371051,0.43685653905770555,False,False,0.7607112853777309,11
classical_cubic:steps=4:fixed_scale:fixed_scale_control,classical_cubic,4,fixed_scale,fixed_scale_control,1e-05,1.0,1,0.07579273089036216,0.3666635274972342,0.06361454523915885,0.43685653905770555,False,False,0.6846401568399577,10
classical_cubic:steps=5:current_plus_eps:unrepaired,classical_cubic,5,current_plus_eps,unrepaired,0.001,0.75,1,0.01866631227985865,0.2583006239120332,0.015667056101897645,0.30774895274935143,False,False,1.1410669280665964,16
classical_cubic:steps=5:current_plus_eps:unrepaired,classical_cubic,5,current_plus_eps,unrepaired,0.001,0.9,1,0.037613438866218936,0.2583006239120332,0.031569805972774166,0.30774895274935143,False,False,0.8367824139155039,12
classical_cubic:steps=5:current_plus_eps:unrepaired,classical_cubic,5,current_plus_eps,unrepaired,0.001,1.0,1,0.05339311987371051,0.2583006239120332,0.04481404746557166,0.30774895274935143,False,False,0.6846401568399578,10
classical_cubic:steps=5:current_plus_eps:unrepaired,classical_cubic,5,current_plus_eps,unrepaired,0.0001,0.75,1,0.01866631227985865,0.2583006239120332,0.015667056101897645,0.30774895274935143,False,False,1.1410669280665964,16
classical_cubic:steps=5:current_plus_eps:unrepaired,classical_cubic,5,current_plus_eps,unrepaired,0.0001,0.9,1,0.04481404746557166,0.2583006239120332,0.037613438866218936,0.30774895274935143,False,False,0.7607112853777309,11
classical_cubic:steps=5:current_plus_eps:unrepaired,classical_cubic,5,current_plus_eps,unrepaired,0.0001,1.0,1,0.06361454523915885,0.2583006239120332,0.05339311987371051,0.30774895274935143,False,False,0.6085690283021847,9
classical_cubic:steps=5:current_plus_eps:unrepaired,classical_cubic,5,current_plus_eps,unrepaired,1e-05,0.75,1,0.022239737437781862,0.2583006239120332,0.01866631227985865,0.30774895274935143,False,False,1.0649957995288233,15
classical_cubic:steps=5:current_plus_eps:unrepaired,classical_cubic,5,current_plus_eps,unrepaired,1e-05,0.9,1,0.05339311987371051,0.2583006239120332,0.04481404746557166,0.30774895274935143,False,False,0.6846401568399578,10
classical_cubic:steps=5:current_plus_eps:unrepaired,classical_cubic,5,current_plus_eps,unrepaired,1e-05,1.0,1,0.06361454523915885,0.2583006239120332,0.05339311987371051,0.30774895274935143,False,False,0.6085690283021847,9
classical_cubic:steps=5:current_plus_eps:raw_grid_repair_1.02x,classical_cubic,5,current_plus_eps,raw_grid_repair_1.02x,0.001,0.75,1,0.015667056101897645,0.2583006239120332,0.013149712874184644,0.30774895274935143,False,False,1.2171380566043695,17
classical_cubic:steps=5:current_plus_eps:raw_grid_repair_1.02x,classical_cubic,5,current_plus_eps,raw_grid_repair_1.02x,0.001,0.9,1,0.037613438866218936,0.2583006239120332,0.031569805972774166,0.30774895274935143,False,False,0.8367824139155039,12
classical_cubic:steps=5:current_plus_eps:raw_grid_repair_1.02x,classical_cubic,5,current_plus_eps,raw_grid_repair_1.02x,0.001,1.0,1,0.05339311987371051,0.2583006239120332,0.04481404746557166,0.30774895274935143,False,False,0.6846401568399578,10
classical_cubic:steps=5:current_plus_eps:raw_grid_repair_1.02x,classical_cubic,5,current_plus_eps,raw_grid_repair_1.02x,0.0001,0.75,1,0.01866631227985865,0.2583006239120332,0.015667056101897645,0.30774895274935143,False,False,1.1410669280665964,16
classical_cubic:steps=5:current_plus_eps:raw_grid_repair_1.02x,classical_cubic,5,current_plus_eps,raw_grid_repair_1.02x,0.0001,0.9,1,0.04481404746557166,0.2583006239120332,0.037613438866218936,0.30774895274935143,False,False,0.7607112853777309,11
classical_cubic:steps=5:current_plus_eps:raw_grid_repair_1.02x,classical_cubic,5,current_plus_eps,raw_grid_repair_1.02x,0.0001,1.0,1,0.06361454523915885,0.2583006239120332,0.05339311987371051,0.30774895274935143,False,False,0.6085690283021847,9
classical_cubic:steps=5:current_plus_eps:raw_grid_repair_1.02x,classical_cubic,5,current_plus_eps,raw_grid_repair_1.02x,1e-05,0.75,1,0.022239737437781862,0.2583006239120332,0.01866631227985865,0.30774895274935143,False,False,1.0649957995288233,15
classical_cubic:steps=5:current_plus_eps:raw_grid_repair_1.02x,classical_cubic,5,current_plus_eps,raw_grid_repair_1.02x,1e-05,0.9,1,0.05339311987371051,0.2583006239120332,0.04481404746557166,0.30774895274935143,False,False,0.6846401568399578,10
classical_cubic:steps=5:current_plus_eps:raw_grid_repair_1.02x,classical_cubic,5,current_plus_eps,raw_grid_repair_1.02x,1e-05,1.0,1,0.06361454523915885,0.2583006239120332,0.05339311987371051,0.30774895274935143,False,False,0.6085690283021847,9
classical_cubic:steps=5:current_plus_eps:gain_matched_grid_repair_1.02x,classical_cubic,5,current_plus_eps,gain_matched_grid_repair_1.02x,0.001,0.75,1,0.015667056101897645,0.2583006239120332,0.013149712874184644,0.30774895274935143,False,False,1.2171380566043695,17
classical_cubic:steps=5:current_plus_eps:gain_matched_grid_repair_1.02x,classical_cubic,5,current_plus_eps,gain_matched_grid_repair_1.02x,0.001,0.9,1,0.037613438866218936,0.2583006239120332,0.031569805972774166,0.30774895274935143,False,False,0.8367824139155039,12
classical_cubic:steps=5:current_plus_eps:gain_matched_grid_repair_1.02x,classical_cubic,5,current_plus_eps,gain_matched_grid_repair_1.02x,0.001,1.0,1,0.05339311987371051,0.2583006239120332,0.04481404746557166,0.30774895274935143,False,False,0.6846401568399578,10
classical_cubic:steps=5:current_plus_eps:gain_matched_grid_repair_1.02x,classical_cubic,5,current_plus_eps,gain_matched_grid_repair_1.02x,0.0001,0.75,1,0.01866631227985865,0.2583006239120332,0.015667056101897645,0.30774895274935143,False,False,1.1410669280665964,16
classical_cubic:steps=5:current_plus_eps:gain_matched_grid_repair_1.02x,classical_cubic,5,current_plus_eps,gain_matched_grid_repair_1.02x,0.0001,0.9,1,0.04481404746557166,0.2583006239120332,0.037613438866218936,0.30774895274935143,False,False,0.7607112853777309,11
classical_cubic:steps=5:current_plus_eps:gain_matched_grid_repair_1.02x,classical_cubic,5,current_plus_eps,gain_matched_grid_repair_1.02x,0.0001,1.0,1,0.06361454523915885,0.2583006239120332,0.05339311987371051,0.30774895274935143,False,False,0.6085690283021847,9
classical_cubic:steps=5:current_plus_eps:gain_matched_grid_repair_1.02x,classical_cubic,5,current_plus_eps,gain_matched_grid_repair_1.02x,1e-05,0.75,1,0.022239737437781862,0.2583006239120332,0.01866631227985865,0.30774895274935143,False,False,1.0649957995288233,15
classical_cubic:steps=5:current_plus_eps:gain_matched_grid_repair_1.02x,classical_cubic,5,current_plus_eps,gain_matched_grid_repair_1.02x,1e-05,0.9,1,0.05339311987371051,0.2583006239120332,0.04481404746557166,0.30774895274935143,False,False,0.6846401568399578,10
classical_cubic:steps=5:current_plus_eps:gain_matched_grid_repair_1.02x,classical_cubic,5,current_plus_eps,gain_matched_grid_repair_1.02x,1e-05,1.0,1,0.06361454523915885,0.2583006239120332,0.05339311987371051,0.30774895274935143,False,False,0.6085690283021847,9
classical_cubic:steps=5:current_plus_eps:gain_only_unrepaired_control,classical_cubic,5,current_plus_eps,gain_only_unrepaired_control,0.001,0.75,1,0.015667056101897645,0.2583006239120332,0.013149712874184644,0.30774895274935143,False,False,1.2171380566043695,17
classical_cubic:steps=5:current_plus_eps:gain_only_unrepaired_control,classical_cubic,5,current_plus_eps,gain_only_unrepaired_control,0.001,0.9,1,0.037613438866218936,0.2583006239120332,0.031569805972774166,0.30774895274935143,False,False,0.8367824139155039,12
classical_cubic:steps=5:current_plus_eps:gain_only_unrepaired_control,classical_cubic,5,current_plus_eps,gain_only_unrepaired_control,0.001,1.0,1,0.05339311987371051,0.2583006239120332,0.04481404746557166,0.30774895274935143,False,False,0.6846401568399578,10
classical_cubic:steps=5:current_plus_eps:gain_only_unrepaired_control,classical_cubic,5,current_plus_eps,gain_only_unrepaired_control,0.0001,0.75,1,0.01866631227985865,0.2583006239120332,0.015667056101897645,0.30774895274935143,False,False,1.1410669280665964,16
classical_cubic:steps=5:current_plus_eps:gain_only_unrepaired_control,classical_cubic,5,current_plus_eps,gain_only_unrepaired_control,0.0001,0.9,1,0.04481404746557166,0.2583006239120332,0.037613438866218936,0.30774895274935143,False,False,0.7607112853777309,11
classical_cubic:steps=5:current_plus_eps:gain_only_unrepaired_control,classical_cubic,5,current_plus_eps,gain_only_unrepaired_control,0.0001,1.0,1,0.06361454523915885,0.2583006239120332,0.05339311987371051,0.30774895274935143,False,False,0.6085690283021847,9
classical_cubic:steps=5:current_plus_eps:gain_only_unrepaired_control,classical_cubic,5,current_plus_eps,gain_only_unrepaired_control,1e-05,0.75,1,0.022239737437781862,0.2583006239120332,0.01866631227985865,0.30774895274935143,False,False,1.0649957995288233,15
classical_cubic:steps=5:current_plus_eps:gain_only_unrepaired_control,classical_cubic,5,current_plus_eps,gain_only_unrepaired_control,1e-05,0.9,1,0.05339311987371051,0.2583006239120332,0.04481404746557166,0.30774895274935143,False,False,0.6846401568399578,10
classical_cubic:steps=5:current_plus_eps:gain_only_unrepaired_control,classical_cubic,5,current_plus_eps,gain_only_unrepaired_control,1e-05,1.0,1,0.06361454523915885,0.2583006239120332,0.05339311987371051,0.30774895274935143,False,False,0.6085690283021847,9
classical_cubic:steps=5:fixed_scale:fixed_scale_control,classical_cubic,5,fixed_scale,fixed_scale_control,0.001,0.75,1,0.015667056101897645,0.2583006239120332,0.013149712874184644,0.30774895274935143,False,False,1.2171380566043695,17
classical_cubic:steps=5:fixed_scale:fixed_scale_control,classical_cubic,5,fixed_scale,fixed_scale_control,0.001,0.9,1,0.037613438866218936,0.2583006239120332,0.031569805972774166,0.30774895274935143,False,False,0.8367824139155039,12
classical_cubic:steps=5:fixed_scale:fixed_scale_control,classical_cubic,5,fixed_scale,fixed_scale_control,0.001,1.0,1,0.05339311987371051,0.2583006239120332,0.04481404746557166,0.30774895274935143,False,False,0.6846401568399578,10
classical_cubic:steps=5:fixed_scale:fixed_scale_control,classical_cubic,5,fixed_scale,fixed_scale_control,0.0001,0.75,1,0.01866631227985865,0.2583006239120332,0.015667056101897645,0.30774895274935143,False,False,1.1410669280665964,16
classical_cubic:steps=5:fixed_scale:fixed_scale_control,classical_cubic,5,fixed_scale,fixed_scale_control,0.0001,0.9,1,0.04481404746557166,0.2583006239120332,0.037613438866218936,0.30774895274935143,False,False,0.7607112853777309,11
classical_cubic:steps=5:fixed_scale:fixed_scale_control,classical_cubic,5,fixed_scale,fixed_scale_control,0.0001,1.0,1,0.05339311987371051,0.2583006239120332,0.04481404746557166,0.30774895274935143,False,False,0.6846401568399578,10
classical_cubic:steps=5:fixed_scale:fixed_scale_control,classical_cubic,5,fixed_scale,fixed_scale_control,1e-05,0.75,1,0.022239737437781862,0.2583006239120332,0.01866631227985865,0.30774895274935143,False,False,1.0649957995288233,15
classical_cubic:steps=5:fixed_scale:fixed_scale_control,classical_cubic,5,fixed_scale,fixed_scale_control,1e-05,0.9,1,0.05339311987371051,0.2583006239120332,0.04481404746557166,0.30774895274935143,False,False,0.6846401568399578,10
classical_cubic:steps=5:fixed_scale:fixed_scale_control,classical_cubic,5,fixed_scale,fixed_scale_control,1e-05,1.0,1,0.06361454523915885,0.2583006239120332,0.05339311987371051,0.30774895274935143,False,False,0.6085690283021847,9
taylor_quintic:steps=1:current_plus_eps:unrepaired,taylor_quintic,1,current_plus_eps,unrepaired,0.001,0.75,1,0.037613438866218936,1.0488043585396196,0.031569805972774166,1.2495844496660804,False,False,1.4453514422176887,20
taylor_quintic:steps=1:current_plus_eps:unrepaired,taylor_quintic,1,current_plus_eps,unrepaired,0.001,0.9,1,0.10758948099317438,1.0488043585396196,0.09030227339081447,1.2495844496660804,False,False,0.9889246709910502,14
taylor_quintic:steps=1:current_plus_eps:unrepaired,taylor_quintic,1,current_plus_eps,unrepaired,0.001,1.0,1,0.10758948099317438,1.0488043585396196,0.09030227339081447,1.2495844496660804,False,False,0.9889246709910502,14
taylor_quintic:steps=1:current_plus_eps:unrepaired,taylor_quintic,1,current_plus_eps,unrepaired,0.0001,0.75,1,0.04481404746557166,1.0488043585396196,0.037613438866218936,1.2495844496660804,False,False,1.3692803136799157,19
taylor_quintic:steps=1:current_plus_eps:unrepaired,taylor_quintic,1,current_plus_eps,unrepaired,0.0001,0.9,1,0.12818610191887025,1.0488043585396196,0.10758948099317438,1.2495844496660804,False,False,0.9128535424532771,13
taylor_quintic:steps=1:current_plus_eps:unrepaired,taylor_quintic,1,current_plus_eps,unrepaired,0.0001,1.0,1,0.152725680740085,1.0488043585396196,0.12818610191887025,1.2495844496660804,False,False,0.836782413915504,12
taylor_quintic:steps=1:current_plus_eps:unrepaired,taylor_quintic,1,current_plus_eps,unrepaired,1e-05,0.75,1,0.05339311987371051,1.0488043585396196,0.04481404746557166,1.2495844496660804,False,False,1.2932091851421426,18
taylor_quintic:steps=1:current_plus_eps:unrepaired,taylor_quintic,1,current_plus_eps,unrepaired,1e-05,0.9,1,0.152725680740085,1.0488043585396196,0.12818610191887025,1.2495844496660804,False,False,0.836782413915504,12
taylor_quintic:steps=1:current_plus_eps:unrepaired,taylor_quintic,1,current_plus_eps,unrepaired,1e-05,1.0,1,0.1819630459804838,1.0488043585396196,0.152725680740085,1.2495844496660804,False,False,0.7607112853777309,11
taylor_quintic:steps=1:current_plus_eps:raw_grid_repair_1.02x,taylor_quintic,1,current_plus_eps,raw_grid_repair_1.02x,0.001,0.75,1,0.037613438866218936,1.0488043585396196,0.031569805972774166,1.2495844496660804,False,False,1.4453514422176887,20
taylor_quintic:steps=1:current_plus_eps:raw_grid_repair_1.02x,taylor_quintic,1,current_plus_eps,raw_grid_repair_1.02x,0.001,0.9,1,0.10758948099317438,1.0488043585396196,0.09030227339081447,1.2495844496660804,False,False,0.9889246709910502,14
taylor_quintic:steps=1:current_plus_eps:raw_grid_repair_1.02x,taylor_quintic,1,current_plus_eps,raw_grid_repair_1.02x,0.001,1.0,1,0.10758948099317438,1.0488043585396196,0.09030227339081447,1.2495844496660804,False,False,0.9889246709910502,14
taylor_quintic:steps=1:current_plus_eps:raw_grid_repair_1.02x,taylor_quintic,1,current_plus_eps,raw_grid_repair_1.02x,0.0001,0.75,1,0.04481404746557166,1.0488043585396196,0.037613438866218936,1.2495844496660804,False,False,1.3692803136799157,19
taylor_quintic:steps=1:current_plus_eps:raw_grid_repair_1.02x,taylor_quintic,1,current_plus_eps,raw_grid_repair_1.02x,0.0001,0.9,1,0.12818610191887025,1.0488043585396196,0.10758948099317438,1.2495844496660804,False,False,0.9128535424532771,13
taylor_quintic:steps=1:current_plus_eps:raw_grid_repair_1.02x,taylor_quintic,1,current_plus_eps,raw_grid_repair_1.02x,0.0001,1.0,1,0.152725680740085,1.0488043585396196,0.12818610191887025,1.2495844496660804,False,False,0.836782413915504,12
taylor_quintic:steps=1:current_plus_eps:raw_grid_repair_1.02x,taylor_quintic,1,current_plus_eps,raw_grid_repair_1.02x,1e-05,0.75,1,0.05339311987371051,1.0488043585396196,0.04481404746557166,1.2495844496660804,False,False,1.2932091851421426,18
taylor_quintic:steps=1:current_plus_eps:raw_grid_repair_1.02x,taylor_quintic,1,current_plus_eps,raw_grid_repair_1.02x,1e-05,0.9,1,0.152725680740085,1.0488043585396196,0.12818610191887025,1.2495844496660804,False,False,0.836782413915504,12
taylor_quintic:steps=1:current_plus_eps:raw_grid_repair_1.02x,taylor_quintic,1,current_plus_eps,raw_grid_repair_1.02x,1e-05,1.0,1,0.1819630459804838,1.0488043585396196,0.152725680740085,1.2495844496660804,False,False,0.7607112853777309,11
taylor_quintic:steps=1:current_plus_eps:gain_matched_grid_repair_1.02x,taylor_quintic,1,current_plus_eps,gain_matched_grid_repair_1.02x,0.001,0.75,1,0.037613438866218936,1.0488043585396196,0.031569805972774166,1.2495844496660804,False,False,1.4453514422176887,20
taylor_quintic:steps=1:current_plus_eps:gain_matched_grid_repair_1.02x,taylor_quintic,1,current_plus_eps,gain_matched_grid_repair_1.02x,0.001,0.9,1,0.10758948099317438,1.0488043585396196,0.09030227339081447,1.2495844496660804,False,False,0.9889246709910502,14
taylor_quintic:steps=1:current_plus_eps:gain_matched_grid_repair_1.02x,taylor_quintic,1,current_plus_eps,gain_matched_grid_repair_1.02x,0.001,1.0,1,0.10758948099317438,1.0488043585396196,0.09030227339081447,1.2495844496660804,False,False,0.9889246709910502,14
taylor_quintic:steps=1:current_plus_eps:gain_matched_grid_repair_1.02x,taylor_quintic,1,current_plus_eps,gain_matched_grid_repair_1.02x,0.0001,0.75,1,0.04481404746557166,1.0488043585396196,0.037613438866218936,1.2495844496660804,False,False,1.3692803136799157,19
taylor_quintic:steps=1:current_plus_eps:gain_matched_grid_repair_1.02x,taylor_quintic,1,current_plus_eps,gain_matched_grid_repair_1.02x,0.0001,0.9,1,0.12818610191887025,1.0488043585396196,0.10758948099317438,1.2495844496660804,False,False,0.9128535424532771,13
taylor_quintic:steps=1:current_plus_eps:gain_matched_grid_repair_1.02x,taylor_quintic,1,current_plus_eps,gain_matched_grid_repair_1.02x,0.0001,1.0,1,0.152725680740085,1.0488043585396196,0.12818610191887025,1.2495844496660804,False,False,0.836782413915504,12
taylor_quintic:steps=1:current_plus_eps:gain_matched_grid_repair_1.02x,taylor_quintic,1,current_plus_eps,gain_matched_grid_repair_1.02x,1e-05,0.75,1,0.05339311987371051,1.0488043585396196,0.04481404746557166,1.2495844496660804,False,False,1.2932091851421426,18
taylor_quintic:steps=1:current_plus_eps:gain_matched_grid_repair_1.02x,taylor_quintic,1,current_plus_eps,gain_matched_grid_repair_1.02x,1e-05,0.9,1,0.152725680740085,1.0488043585396196,0.12818610191887025,1.2495844496660804,False,False,0.836782413915504,12
taylor_quintic:steps=1:current_plus_eps:gain_matched_grid_repair_1.02x,taylor_quintic,1,current_plus_eps,gain_matched_grid_repair_1.02x,1e-05,1.0,1,0.1819630459804838,1.0488043585396196,0.152725680740085,1.2495844496660804,False,False,0.7607112853777309,11
taylor_quintic:steps=1:current_plus_eps:gain_only_unrepaired_control,taylor_quintic,1,current_plus_eps,gain_only_unrepaired_control,0.001,0.75,1,0.037613438866218936,1.0488043585396196,0.031569805972774166,1.2495844496660804,False,False,1.4453514422176887,20
taylor_quintic:steps=1:current_plus_eps:gain_only_unrepaired_control,taylor_quintic,1,current_plus_eps,gain_only_unrepaired_control,0.001,0.9,1,0.10758948099317438,1.0488043585396196,0.09030227339081447,1.2495844496660804,False,False,0.9889246709910502,14
taylor_quintic:steps=1:current_plus_eps:gain_only_unrepaired_control,taylor_quintic,1,current_plus_eps,gain_only_unrepaired_control,0.001,1.0,1,0.10758948099317438,1.0488043585396196,0.09030227339081447,1.2495844496660804,False,False,0.9889246709910502,14
taylor_quintic:steps=1:current_plus_eps:gain_only_unrepaired_control,taylor_quintic,1,current_plus_eps,gain_only_unrepaired_control,0.0001,0.75,1,0.04481404746557166,1.0488043585396196,0.037613438866218936,1.2495844496660804,False,False,1.3692803136799157,19
taylor_quintic:steps=1:current_plus_eps:gain_only_unrepaired_control,taylor_quintic,1,current_plus_eps,gain_only_unrepaired_control,0.0001,0.9,1,0.12818610191887025,1.0488043585396196,0.10758948099317438,1.2495844496660804,False,False,0.9128535424532771,13
taylor_quintic:steps=1:current_plus_eps:gain_only_unrepaired_control,taylor_quintic,1,current_plus_eps,gain_only_unrepaired_control,0.0001,1.0,1,0.152725680740085,1.0488043585396196,0.12818610191887025,1.2495844496660804,False,False,0.836782413915504,12
taylor_quintic:steps=1:current_plus_eps:gain_only_unrepaired_control,taylor_quintic,1,current_plus_eps,gain_only_unrepaired_control,1e-05,0.75,1,0.05339311987371051,1.0488043585396196,0.04481404746557166,1.2495844496660804,False,False,1.2932091851421426,18
taylor_quintic:steps=1:current_plus_eps:gain_only_unrepaired_control,taylor_quintic,1,current_plus_eps,gain_only_unrepaired_control,1e-05,0.9,1,0.152725680740085,1.0488043585396196,0.12818610191887025,1.2495844496660804,False,False,0.836782413915504,12
taylor_quintic:steps=1:current_plus_eps:gain_only_unrepaired_control,taylor_quintic,1,current_plus_eps,gain_only_unrepaired_control,1e-05,1.0,1,0.1819630459804838,1.0488043585396196,0.152725680740085,1.2495844496660804,False,False,0.7607112853777309,11
taylor_quintic:steps=1:fixed_scale:fixed_scale_control,taylor_quintic,1,fixed_scale,fixed_scale_control,0.001,0.75,1,0.031569805972774166,1.0488043585396196,0.026497248834477422,1.2495844496660804,False,False,1.5214225707554618,21
taylor_quintic:steps=1:fixed_scale:fixed_scale_control,taylor_quintic,1,fixed_scale,fixed_scale_control,0.001,0.9,1,0.09030227339081447,1.0488043585396196,0.07579273089036216,1.2495844496660804,False,False,1.0649957995288233,15
taylor_quintic:steps=1:fixed_scale:fixed_scale_control,taylor_quintic,1,fixed_scale,fixed_scale_control,0.001,1.0,1,0.09030227339081447,1.0488043585396196,0.07579273089036216,1.2495844496660804,False,False,1.0649957995288233,15
taylor_quintic:steps=1:fixed_scale:fixed_scale_control,taylor_quintic,1,fixed_scale,fixed_scale_control,0.0001,0.75,1,0.04481404746557166,1.0488043585396196,0.037613438866218936,1.2495844496660804,False,False,1.3692803136799157,19
taylor_quintic:steps=1:fixed_scale:fixed_scale_control,taylor_quintic,1,fixed_scale,fixed_scale_control,0.0001,0.9,1,0.12818610191887025,1.0488043585396196,0.10758948099317438,1.2495844496660804,False,False,0.9128535424532771,13
taylor_quintic:steps=1:fixed_scale:fixed_scale_control,taylor_quintic,1,fixed_scale,fixed_scale_control,0.0001,1.0,1,0.12818610191887025,1.0488043585396196,0.10758948099317438,1.2495844496660804,False,False,0.9128535424532771,13
taylor_quintic:steps=1:fixed_scale:fixed_scale_control,taylor_quintic,1,fixed_scale,fixed_scale_control,1e-05,0.75,1,0.05339311987371051,1.0488043585396196,0.04481404746557166,1.2495844496660804,False,False,1.2932091851421426,18
taylor_quintic:steps=1:fixed_scale:fixed_scale_control,taylor_quintic,1,fixed_scale,fixed_scale_control,1e-05,0.9,1,0.152725680740085,1.0488043585396196,0.12818610191887025,1.2495844496660804,False,False,0.836782413915504,12
taylor_quintic:steps=1:fixed_scale:fixed_scale_control,taylor_quintic,1,fixed_scale,fixed_scale_control,1e-05,1.0,1,0.152725680740085,1.0488043585396196,0.12818610191887025,1.2495844496660804,False,False,0.836782413915504,12
taylor_quintic:steps=2:current_plus_eps:unrepaired,taylor_quintic,2,current_plus_eps,unrepaired,0.001,0.75,1,0.022239737437781862,0.5204870989490936,0.01866631227985865,0.620127652791432,False,False,1.3692803136799157,19
taylor_quintic:steps=2:current_plus_eps:unrepaired,taylor_quintic,2,current_plus_eps,unrepaired,0.001,0.9,1,0.06361454523915885,0.5204870989490936,0.05339311987371051,0.620127652791432,False,False,0.9128535424532772,13
taylor_quintic:steps=2:current_plus_eps:unrepaired,taylor_quintic,2,current_plus_eps,unrepaired,0.001,1.0,1,0.07579273089036216,0.5204870989490936,0.06361454523915885,0.620127652791432,False,False,0.836782413915504,12
taylor_quintic:steps=2:current_plus_eps:unrepaired,taylor_quintic,2,current_plus_eps,unrepaired,0.0001,0.75,1,0.026497248834477422,0.5204870989490936,0.022239737437781862,0.620127652791432,False,False,1.2932091851421426,18
taylor_quintic:steps=2:current_plus_eps:unrepaired,taylor_quintic,2,current_plus_eps,unrepaired,0.0001,0.9,1,0.07579273089036216,0.5204870989490936,0.06361454523915885,0.620127652791432,False,False,0.836782413915504,12
taylor_quintic:steps=2:current_plus_eps:unrepaired,taylor_quintic,2,current_plus_eps,unrepaired,0.0001,1.0,1,0.09030227339081447,0.5204870989490936,0.07579273089036216,0.620127652791432,False,False,0.760711285377731,11
taylor_quintic:steps=2:current_plus_eps:unrepaired,taylor_quintic,2,current_plus_eps,unrepaired,1e-05,0.75,1,0.031569805972774166,0.5204870989490936,0.026497248834477422,0.620127652791432,False,False,1.2171380566043695,17
taylor_quintic:steps=2:current_plus_eps:unrepaired,taylor_quintic,2,current_plus_eps,unrepaired,1e-05,0.9,1,0.09030227339081447,0.5204870989490936,0.07579273089036216,0.620127652791432,False,False,0.760711285377731,11
taylor_quintic:steps=2:current_plus_eps:unrepaired,taylor_quintic,2,current_plus_eps,unrepaired,1e-05,1.0,1,0.10758948099317438,0.5204870989490936,0.09030227339081447,0.620127652791432,False,False,0.6846401568399578,10
taylor_quintic:steps=2:current_plus_eps:raw_grid_repair_1.02x,taylor_quintic,2,current_plus_eps,raw_grid_repair_1.02x,0.001,0.75,1,0.022239737437781862,0.5204870989490936,0.01866631227985865,0.620127652791432,False,False,1.3692803136799157,19
taylor_quintic:steps=2:current_plus_eps:raw_grid_repair_1.02x,taylor_quintic,2,current_plus_eps,raw_grid_repair_1.02x,0.001,0.9,1,0.06361454523915885,0.5204870989490936,0.05339311987371051,0.620127652791432,False,False,0.9128535424532772,13
taylor_quintic:steps=2:current_plus_eps:raw_grid_repair_1.02x,taylor_quintic,2,current_plus_eps,raw_grid_repair_1.02x,0.001,1.0,1,0.07579273089036216,0.5204870989490936,0.06361454523915885,0.620127652791432,False,False,0.836782413915504,12
taylor_quintic:steps=2:current_plus_eps:raw_grid_repair_1.02x,taylor_quintic,2,current_plus_eps,raw_grid_repair_1.02x,0.0001,0.75,1,0.026497248834477422,0.5204870989490936,0.022239737437781862,0.620127652791432,False,False,1.2932091851421426,18
taylor_quintic:steps=2:current_plus_eps:raw_grid_repair_1.02x,taylor_quintic,2,current_plus_eps,raw_grid_repair_1.02x,0.0001,0.9,1,0.07579273089036216,0.5204870989490936,0.06361454523915885,0.620127652791432,False,False,0.836782413915504,12
taylor_quintic:steps=2:current_plus_eps:raw_grid_repair_1.02x,taylor_quintic,2,current_plus_eps,raw_grid_repair_1.02x,0.0001,1.0,1,0.09030227339081447,0.5204870989490936,0.07579273089036216,0.620127652791432,False,False,0.760711285377731,11
taylor_quintic:steps=2:current_plus_eps:raw_grid_repair_1.02x,taylor_quintic,2,current_plus_eps,raw_grid_repair_1.02x,1e-05,0.75,1,0.031569805972774166,0.5204870989490936,0.026497248834477422,0.620127652791432,False,False,1.2171380566043695,17
taylor_quintic:steps=2:current_plus_eps:raw_grid_repair_1.02x,taylor_quintic,2,current_plus_eps,raw_grid_repair_1.02x,1e-05,0.9,1,0.09030227339081447,0.5204870989490936,0.07579273089036216,0.620127652791432,False,False,0.760711285377731,11
taylor_quintic:steps=2:current_plus_eps:raw_grid_repair_1.02x,taylor_quintic,2,current_plus_eps,raw_grid_repair_1.02x,1e-05,1.0,1,0.10758948099317438,0.5204870989490936,0.09030227339081447,0.620127652791432,False,False,0.6846401568399578,10
taylor_quintic:steps=2:current_plus_eps:gain_matched_grid_repair_1.02x,taylor_quintic,2,current_plus_eps,gain_matched_grid_repair_1.02x,0.001,0.75,1,0.022239737437781862,0.5204870989490936,0.01866631227985865,0.620127652791432,False,False,1.3692803136799157,19
taylor_quintic:steps=2:current_plus_eps:gain_matched_grid_repair_1.02x,taylor_quintic,2,current_plus_eps,gain_matched_grid_repair_1.02x,0.001,0.9,1,0.06361454523915885,0.5204870989490936,0.05339311987371051,0.620127652791432,False,False,0.9128535424532772,13
taylor_quintic:steps=2:current_plus_eps:gain_matched_grid_repair_1.02x,taylor_quintic,2,current_plus_eps,gain_matched_grid_repair_1.02x,0.001,1.0,1,0.07579273089036216,0.5204870989490936,0.06361454523915885,0.620127652791432,False,False,0.836782413915504,12
taylor_quintic:steps=2:current_plus_eps:gain_matched_grid_repair_1.02x,taylor_quintic,2,current_plus_eps,gain_matched_grid_repair_1.02x,0.0001,0.75,1,0.026497248834477422,0.5204870989490936,0.022239737437781862,0.620127652791432,False,False,1.2932091851421426,18
taylor_quintic:steps=2:current_plus_eps:gain_matched_grid_repair_1.02x,taylor_quintic,2,current_plus_eps,gain_matched_grid_repair_1.02x,0.0001,0.9,1,0.07579273089036216,0.5204870989490936,0.06361454523915885,0.620127652791432,False,False,0.836782413915504,12
taylor_quintic:steps=2:current_plus_eps:gain_matched_grid_repair_1.02x,taylor_quintic,2,current_plus_eps,gain_matched_grid_repair_1.02x,0.0001,1.0,1,0.09030227339081447,0.5204870989490936,0.07579273089036216,0.620127652791432,False,False,0.760711285377731,11
taylor_quintic:steps=2:current_plus_eps:gain_matched_grid_repair_1.02x,taylor_quintic,2,current_plus_eps,gain_matched_grid_repair_1.02x,1e-05,0.75,1,0.031569805972774166,0.5204870989490936,0.026497248834477422,0.620127652791432,False,False,1.2171380566043695,17
taylor_quintic:steps=2:current_plus_eps:gain_matched_grid_repair_1.02x,taylor_quintic,2,current_plus_eps,gain_matched_grid_repair_1.02x,1e-05,0.9,1,0.09030227339081447,0.5204870989490936,0.07579273089036216,0.620127652791432,False,False,0.760711285377731,11
taylor_quintic:steps=2:current_plus_eps:gain_matched_grid_repair_1.02x,taylor_quintic,2,current_plus_eps,gain_matched_grid_repair_1.02x,1e-05,1.0,1,0.10758948099317438,0.5204870989490936,0.09030227339081447,0.620127652791432,False,False,0.6846401568399578,10
taylor_quintic:steps=2:current_plus_eps:gain_only_unrepaired_control,taylor_quintic,2,current_plus_eps,gain_only_unrepaired_control,0.001,0.75,1,0.022239737437781862,0.5204870989490936,0.01866631227985865,0.620127652791432,False,False,1.3692803136799157,19
taylor_quintic:steps=2:current_plus_eps:gain_only_unrepaired_control,taylor_quintic,2,current_plus_eps,gain_only_unrepaired_control,0.001,0.9,1,0.06361454523915885,0.5204870989490936,0.05339311987371051,0.620127652791432,False,False,0.9128535424532772,13
taylor_quintic:steps=2:current_plus_eps:gain_only_unrepaired_control,taylor_quintic,2,current_plus_eps,gain_only_unrepaired_control,0.001,1.0,1,0.07579273089036216,0.5204870989490936,0.06361454523915885,0.620127652791432,False,False,0.836782413915504,12
taylor_quintic:steps=2:current_plus_eps:gain_only_unrepaired_control,taylor_quintic,2,current_plus_eps,gain_only_unrepaired_control,0.0001,0.75,1,0.026497248834477422,0.5204870989490936,0.022239737437781862,0.620127652791432,False,False,1.2932091851421426,18
taylor_quintic:steps=2:current_plus_eps:gain_only_unrepaired_control,taylor_quintic,2,current_plus_eps,gain_only_unrepaired_control,0.0001,0.9,1,0.07579273089036216,0.5204870989490936,0.06361454523915885,0.620127652791432,False,False,0.836782413915504,12
taylor_quintic:steps=2:current_plus_eps:gain_only_unrepaired_control,taylor_quintic,2,current_plus_eps,gain_only_unrepaired_control,0.0001,1.0,1,0.09030227339081447,0.5204870989490936,0.07579273089036216,0.620127652791432,False,False,0.760711285377731,11
taylor_quintic:steps=2:current_plus_eps:gain_only_unrepaired_control,taylor_quintic,2,current_plus_eps,gain_only_unrepaired_control,1e-05,0.75,1,0.031569805972774166,0.5204870989490936,0.026497248834477422,0.620127652791432,False,False,1.2171380566043695,17
taylor_quintic:steps=2:current_plus_eps:gain_only_unrepaired_control,taylor_quintic,2,current_plus_eps,gain_only_unrepaired_control,1e-05,0.9,1,0.09030227339081447,0.5204870989490936,0.07579273089036216,0.620127652791432,False,False,0.760711285377731,11
taylor_quintic:steps=2:current_plus_eps:gain_only_unrepaired_control,taylor_quintic,2,current_plus_eps,gain_only_unrepaired_control,1e-05,1.0,1,0.10758948099317438,0.5204870989490936,0.09030227339081447,0.620127652791432,False,False,0.6846401568399578,10
taylor_quintic:steps=2:fixed_scale:fixed_scale_control,taylor_quintic,2,fixed_scale,fixed_scale_control,0.001,0.75,1,0.022239737437781862,0.5204870989490936,0.01866631227985865,0.620127652791432,False,False,1.3692803136799157,19
taylor_quintic:steps=2:fixed_scale:fixed_scale_control,taylor_quintic,2,fixed_scale,fixed_scale_control,0.001,0.9,1,0.05339311987371051,0.5204870989490936,0.04481404746557166,0.620127652791432,False,False,0.9889246709910502,14
taylor_quintic:steps=2:fixed_scale:fixed_scale_control,taylor_quintic,2,fixed_scale,fixed_scale_control,0.001,1.0,1,0.06361454523915885,0.5204870989490936,0.05339311987371051,0.620127652791432,False,False,0.9128535424532772,13
taylor_quintic:steps=2:fixed_scale:fixed_scale_control,taylor_quintic,2,fixed_scale,fixed_scale_control,0.0001,0.75,1,0.026497248834477422,0.5204870989490936,0.022239737437781862,0.620127652791432,False,False,1.2932091851421426,18
taylor_quintic:steps=2:fixed_scale:fixed_scale_control,taylor_quintic,2,fixed_scale,fixed_scale_control,0.0001,0.9,1,0.07579273089036216,0.5204870989490936,0.06361454523915885,0.620127652791432,False,False,0.836782413915504,12
taylor_quintic:steps=2:fixed_scale:fixed_scale_control,taylor_quintic,2,fixed_scale,fixed_scale_control,0.0001,1.0,1,0.07579273089036216,0.5204870989490936,0.06361454523915885,0.620127652791432,False,False,0.836782413915504,12
taylor_quintic:steps=2:fixed_scale:fixed_scale_control,taylor_quintic,2,fixed_scale,fixed_scale_control,1e-05,0.75,1,0.031569805972774166,0.5204870989490936,0.026497248834477422,0.620127652791432,False,False,1.2171380566043695,17
taylor_quintic:steps=2:fixed_scale:fixed_scale_control,taylor_quintic,2,fixed_scale,fixed_scale_control,1e-05,0.9,1,0.09030227339081447,0.5204870989490936,0.07579273089036216,0.620127652791432,False,False,0.760711285377731,11
taylor_quintic:steps=2:fixed_scale:fixed_scale_control,taylor_quintic,2,fixed_scale,fixed_scale_control,1e-05,1.0,1,0.09030227339081447,0.5204870989490936,0.07579273089036216,0.620127652791432,False,False,0.760711285377731,11
taylor_quintic:steps=3:current_plus_eps:unrepaired,taylor_quintic,3,current_plus_eps,unrepaired,0.001,0.75,1,0.01866631227985865,0.30774895274935143,0.015667056101897645,0.3666635274972342,False,False,1.2171380566043695,17
taylor_quintic:steps=3:current_plus_eps:unrepaired,taylor_quintic,3,current_plus_eps,unrepaired,0.001,0.9,1,0.04481404746557166,0.30774895274935143,0.037613438866218936,0.3666635274972342,False,False,0.836782413915504,12
taylor_quintic:steps=3:current_plus_eps:unrepaired,taylor_quintic,3,current_plus_eps,unrepaired,0.001,1.0,1,0.05339311987371051,0.30774895274935143,0.04481404746557166,0.3666635274972342,False,False,0.7607112853777309,11
taylor_quintic:steps=3:current_plus_eps:unrepaired,taylor_quintic,3,current_plus_eps,unrepaired,0.0001,0.75,1,0.022239737437781862,0.2583006239120332,0.01866631227985865,0.30774895274935143,False,False,1.0649957995288233,15
taylor_quintic:steps=3:current_plus_eps:unrepaired,taylor_quintic,3,current_plus_eps,unrepaired,0.0001,0.9,1,0.05339311987371051,0.2583006239120332,0.04481404746557166,0.30774895274935143,False,False,0.6846401568399578,10
taylor_quintic:steps=3:current_plus_eps:unrepaired,taylor_quintic,3,current_plus_eps,unrepaired,0.0001,1.0,1,0.06361454523915885,0.2583006239120332,0.05339311987371051,0.30774895274935143,False,False,0.6085690283021847,9
taylor_quintic:steps=3:current_plus_eps:unrepaired,taylor_quintic,3,current_plus_eps,unrepaired,1e-05,0.75,1,0.022239737437781862,0.2583006239120332,0.01866631227985865,0.30774895274935143,False,False,1.0649957995288233,15
taylor_quintic:steps=3:current_plus_eps:unrepaired,taylor_quintic,3,current_plus_eps,unrepaired,1e-05,0.9,1,0.05339311987371051,0.2583006239120332,0.04481404746557166,0.30774895274935143,False,False,0.6846401568399578,10
taylor_quintic:steps=3:current_plus_eps:unrepaired,taylor_quintic,3,current_plus_eps,unrepaired,1e-05,1.0,1,0.07579273089036216,0.2583006239120332,0.06361454523915885,0.30774895274935143,False,False,0.5324978997644116,8
taylor_quintic:steps=3:current_plus_eps:raw_grid_repair_1.02x,taylor_quintic,3,current_plus_eps,raw_grid_repair_1.02x,0.001,0.75,1,0.01866631227985865,0.30774895274935143,0.015667056101897645,0.3666635274972342,False,False,1.2171380566043695,17
taylor_quintic:steps=3:current_plus_eps:raw_grid_repair_1.02x,taylor_quintic,3,current_plus_eps,raw_grid_repair_1.02x,0.001,0.9,1,0.04481404746557166,0.30774895274935143,0.037613438866218936,0.3666635274972342,False,False,0.836782413915504,12
taylor_quintic:steps=3:current_plus_eps:raw_grid_repair_1.02x,taylor_quintic,3,current_plus_eps,raw_grid_repair_1.02x,0.001,1.0,1,0.05339311987371051,0.30774895274935143,0.04481404746557166,0.3666635274972342,False,False,0.7607112853777309,11
taylor_quintic:steps=3:current_plus_eps:raw_grid_repair_1.02x,taylor_quintic,3,current_plus_eps,raw_grid_repair_1.02x,0.0001,0.75,1,0.022239737437781862,0.2583006239120332,0.01866631227985865,0.30774895274935143,False,False,1.0649957995288233,15
taylor_quintic:steps=3:current_plus_eps:raw_grid_repair_1.02x,taylor_quintic,3,current_plus_eps,raw_grid_repair_1.02x,0.0001,0.9,1,0.05339311987371051,0.2583006239120332,0.04481404746557166,0.30774895274935143,False,False,0.6846401568399578,10
taylor_quintic:steps=3:current_plus_eps:raw_grid_repair_1.02x,taylor_quintic,3,current_plus_eps,raw_grid_repair_1.02x,0.0001,1.0,1,0.06361454523915885,0.2583006239120332,0.05339311987371051,0.30774895274935143,False,False,0.6085690283021847,9
taylor_quintic:steps=3:current_plus_eps:raw_grid_repair_1.02x,taylor_quintic,3,current_plus_eps,raw_grid_repair_1.02x,1e-05,0.75,1,0.022239737437781862,0.2583006239120332,0.01866631227985865,0.30774895274935143,False,False,1.0649957995288233,15
taylor_quintic:steps=3:current_plus_eps:raw_grid_repair_1.02x,taylor_quintic,3,current_plus_eps,raw_grid_repair_1.02x,1e-05,0.9,1,0.05339311987371051,0.2583006239120332,0.04481404746557166,0.30774895274935143,False,False,0.6846401568399578,10
taylor_quintic:steps=3:current_plus_eps:raw_grid_repair_1.02x,taylor_quintic,3,current_plus_eps,raw_grid_repair_1.02x,1e-05,1.0,1,0.07579273089036216,0.2583006239120332,0.06361454523915885,0.30774895274935143,False,False,0.5324978997644116,8
taylor_quintic:steps=3:current_plus_eps:gain_matched_grid_repair_1.02x,taylor_quintic,3,current_plus_eps,gain_matched_grid_repair_1.02x,0.001,0.75,1,0.01866631227985865,0.30774895274935143,0.015667056101897645,0.3666635274972342,False,False,1.2171380566043695,17
taylor_quintic:steps=3:current_plus_eps:gain_matched_grid_repair_1.02x,taylor_quintic,3,current_plus_eps,gain_matched_grid_repair_1.02x,0.001,0.9,1,0.04481404746557166,0.30774895274935143,0.037613438866218936,0.3666635274972342,False,False,0.836782413915504,12
taylor_quintic:steps=3:current_plus_eps:gain_matched_grid_repair_1.02x,taylor_quintic,3,current_plus_eps,gain_matched_grid_repair_1.02x,0.001,1.0,1,0.05339311987371051,0.30774895274935143,0.04481404746557166,0.3666635274972342,False,False,0.7607112853777309,11
taylor_quintic:steps=3:current_plus_eps:gain_matched_grid_repair_1.02x,taylor_quintic,3,current_plus_eps,gain_matched_grid_repair_1.02x,0.0001,0.75,1,0.022239737437781862,0.2583006239120332,0.01866631227985865,0.30774895274935143,False,False,1.0649957995288233,15
taylor_quintic:steps=3:current_plus_eps:gain_matched_grid_repair_1.02x,taylor_quintic,3,current_plus_eps,gain_matched_grid_repair_1.02x,0.0001,0.9,1,0.05339311987371051,0.2583006239120332,0.04481404746557166,0.30774895274935143,False,False,0.6846401568399578,10
taylor_quintic:steps=3:current_plus_eps:gain_matched_grid_repair_1.02x,taylor_quintic,3,current_plus_eps,gain_matched_grid_repair_1.02x,0.0001,1.0,1,0.06361454523915885,0.2583006239120332,0.05339311987371051,0.30774895274935143,False,False,0.6085690283021847,9
taylor_quintic:steps=3:current_plus_eps:gain_matched_grid_repair_1.02x,taylor_quintic,3,current_plus_eps,gain_matched_grid_repair_1.02x,1e-05,0.75,1,0.022239737437781862,0.2583006239120332,0.01866631227985865,0.30774895274935143,False,False,1.0649957995288233,15
taylor_quintic:steps=3:current_plus_eps:gain_matched_grid_repair_1.02x,taylor_quintic,3,current_plus_eps,gain_matched_grid_repair_1.02x,1e-05,0.9,1,0.05339311987371051,0.2583006239120332,0.04481404746557166,0.30774895274935143,False,False,0.6846401568399578,10
taylor_quintic:steps=3:current_plus_eps:gain_matched_grid_repair_1.02x,taylor_quintic,3,current_plus_eps,gain_matched_grid_repair_1.02x,1e-05,1.0,1,0.07579273089036216,0.2583006239120332,0.06361454523915885,0.30774895274935143,False,False,0.5324978997644116,8
taylor_quintic:steps=3:current_plus_eps:gain_only_unrepaired_control,taylor_quintic,3,current_plus_eps,gain_only_unrepaired_control,0.001,0.75,1,0.01866631227985865,0.30774895274935143,0.015667056101897645,0.3666635274972342,False,False,1.2171380566043695,17
taylor_quintic:steps=3:current_plus_eps:gain_only_unrepaired_control,taylor_quintic,3,current_plus_eps,gain_only_unrepaired_control,0.001,0.9,1,0.04481404746557166,0.30774895274935143,0.037613438866218936,0.3666635274972342,False,False,0.836782413915504,12
taylor_quintic:steps=3:current_plus_eps:gain_only_unrepaired_control,taylor_quintic,3,current_plus_eps,gain_only_unrepaired_control,0.001,1.0,1,0.05339311987371051,0.30774895274935143,0.04481404746557166,0.3666635274972342,False,False,0.7607112853777309,11
taylor_quintic:steps=3:current_plus_eps:gain_only_unrepaired_control,taylor_quintic,3,current_plus_eps,gain_only_unrepaired_control,0.0001,0.75,1,0.022239737437781862,0.2583006239120332,0.01866631227985865,0.30774895274935143,False,False,1.0649957995288233,15
taylor_quintic:steps=3:current_plus_eps:gain_only_unrepaired_control,taylor_quintic,3,current_plus_eps,gain_only_unrepaired_control,0.0001,0.9,1,0.05339311987371051,0.2583006239120332,0.04481404746557166,0.30774895274935143,False,False,0.6846401568399578,10
taylor_quintic:steps=3:current_plus_eps:gain_only_unrepaired_control,taylor_quintic,3,current_plus_eps,gain_only_unrepaired_control,0.0001,1.0,1,0.06361454523915885,0.2583006239120332,0.05339311987371051,0.30774895274935143,False,False,0.6085690283021847,9
taylor_quintic:steps=3:current_plus_eps:gain_only_unrepaired_control,taylor_quintic,3,current_plus_eps,gain_only_unrepaired_control,1e-05,0.75,1,0.022239737437781862,0.2583006239120332,0.01866631227985865,0.30774895274935143,False,False,1.0649957995288233,15
taylor_quintic:steps=3:current_plus_eps:gain_only_unrepaired_control,taylor_quintic,3,current_plus_eps,gain_only_unrepaired_control,1e-05,0.9,1,0.05339311987371051,0.2583006239120332,0.04481404746557166,0.30774895274935143,False,False,0.6846401568399578,10
taylor_quintic:steps=3:current_plus_eps:gain_only_unrepaired_control,taylor_quintic,3,current_plus_eps,gain_only_unrepaired_control,1e-05,1.0,1,0.07579273089036216,0.2583006239120332,0.06361454523915885,0.30774895274935143,False,False,0.5324978997644116,8
taylor_quintic:steps=3:fixed_scale:fixed_scale_control,taylor_quintic,3,fixed_scale,fixed_scale_control,0.001,0.75,1,0.01866631227985865,0.2583006239120332,0.015667056101897645,0.30774895274935143,False,False,1.1410669280665964,16
taylor_quintic:steps=3:fixed_scale:fixed_scale_control,taylor_quintic,3,fixed_scale,fixed_scale_control,0.001,0.9,1,0.037613438866218936,0.2583006239120332,0.031569805972774166,0.30774895274935143,False,False,0.8367824139155039,12
taylor_quintic:steps=3:fixed_scale:fixed_scale_control,taylor_quintic,3,fixed_scale,fixed_scale_control,0.001,1.0,1,0.05339311987371051,0.2583006239120332,0.04481404746557166,0.30774895274935143,False,False,0.6846401568399578,10
taylor_quintic:steps=3:fixed_scale:fixed_scale_control,taylor_quintic,3,fixed_scale,fixed_scale_control,0.0001,0.75,1,0.01866631227985865,0.2583006239120332,0.015667056101897645,0.30774895274935143,False,False,1.1410669280665964,16
taylor_quintic:steps=3:fixed_scale:fixed_scale_control,taylor_quintic,3,fixed_scale,fixed_scale_control,0.0001,0.9,1,0.04481404746557166,0.2583006239120332,0.037613438866218936,0.30774895274935143,False,False,0.7607112853777309,11
taylor_quintic:steps=3:fixed_scale:fixed_scale_control,taylor_quintic,3,fixed_scale,fixed_scale_control,0.0001,1.0,1,0.06361454523915885,0.2583006239120332,0.05339311987371051,0.30774895274935143,False,False,0.6085690283021847,9
taylor_quintic:steps=3:fixed_scale:fixed_scale_control,taylor_quintic,3,fixed_scale,fixed_scale_control,1e-05,0.75,1,0.022239737437781862,0.2583006239120332,0.01866631227985865,0.30774895274935143,False,False,1.0649957995288233,15
taylor_quintic:steps=3:fixed_scale:fixed_scale_control,taylor_quintic,3,fixed_scale,fixed_scale_control,1e-05,0.9,1,0.05339311987371051,0.2583006239120332,0.04481404746557166,0.30774895274935143,False,False,0.6846401568399578,10
taylor_quintic:steps=3:fixed_scale:fixed_scale_control,taylor_quintic,3,fixed_scale,fixed_scale_control,1e-05,1.0,1,0.06361454523915885,0.2583006239120332,0.05339311987371051,0.30774895274935143,False,False,0.6085690283021847,9
taylor_quintic:steps=4:current_plus_eps:unrepaired,taylor_quintic,4,current_plus_eps,unrepaired,0.001,0.75,1,0.015667056101897645,0.152725680740085,0.013149712874184644,0.1819630459804838,False,False,0.9889246709910502,14
taylor_quintic:steps=4:current_plus_eps:unrepaired,taylor_quintic,4,current_plus_eps,unrepaired,0.001,0.9,1,0.031569805972774166,0.152725680740085,0.026497248834477422,0.1819630459804838,False,False,0.6846401568399578,10
taylor_quintic:steps=4:current_plus_eps:unrepaired,taylor_quintic,4,current_plus_eps,unrepaired,0.001,1.0,1,0.04481404746557166,0.152725680740085,0.037613438866218936,0.1819630459804838,False,False,0.5324978997644116,8
taylor_quintic:steps=4:current_plus_eps:unrepaired,taylor_quintic,4,current_plus_eps,unrepaired,0.0001,0.75,1,0.015667056101897645,0.152725680740085,0.013149712874184644,0.1819630459804838,False,False,0.9889246709910502,14
taylor_quintic:steps=4:current_plus_eps:unrepaired,taylor_quintic,4,current_plus_eps,unrepaired,0.0001,0.9,1,0.037613438866218936,0.152725680740085,0.031569805972774166,0.1819630459804838,False,False,0.6085690283021847,9
taylor_quintic:steps=4:current_plus_eps:unrepaired,taylor_quintic,4,current_plus_eps,unrepaired,0.0001,1.0,1,0.05339311987371051,0.152725680740085,0.04481404746557166,0.1819630459804838,False,False,0.45642677122663855,7
taylor_quintic:steps=4:current_plus_eps:unrepaired,taylor_quintic,4,current_plus_eps,unrepaired,1e-05,0.75,1,0.01866631227985865,0.152725680740085,0.015667056101897645,0.1819630459804838,False,False,0.9128535424532771,13
taylor_quintic:steps=4:current_plus_eps:unrepaired,taylor_quintic,4,current_plus_eps,unrepaired,1e-05,0.9,1,0.04481404746557166,0.152725680740085,0.037613438866218936,0.1819630459804838,False,False,0.5324978997644116,8
taylor_quintic:steps=4:current_plus_eps:unrepaired,taylor_quintic,4,current_plus_eps,unrepaired,1e-05,1.0,1,0.05339311987371051,0.152725680740085,0.04481404746557166,0.1819630459804838,False,False,0.45642677122663855,7
taylor_quintic:steps=4:current_plus_eps:raw_grid_repair_1.02x,taylor_quintic,4,current_plus_eps,raw_grid_repair_1.02x,0.001,0.75,1,0.015667056101897645,0.152725680740085,0.013149712874184644,0.1819630459804838,False,False,0.9889246709910502,14
taylor_quintic:steps=4:current_plus_eps:raw_grid_repair_1.02x,taylor_quintic,4,current_plus_eps,raw_grid_repair_1.02x,0.001,0.9,1,0.031569805972774166,0.152725680740085,0.026497248834477422,0.1819630459804838,False,False,0.6846401568399578,10
taylor_quintic:steps=4:current_plus_eps:raw_grid_repair_1.02x,taylor_quintic,4,current_plus_eps,raw_grid_repair_1.02x,0.001,1.0,1,0.04481404746557166,0.152725680740085,0.037613438866218936,0.1819630459804838,False,False,0.5324978997644116,8
taylor_quintic:steps=4:current_plus_eps:raw_grid_repair_1.02x,taylor_quintic,4,current_plus_eps,raw_grid_repair_1.02x,0.0001,0.75,1,0.015667056101897645,0.152725680740085,0.013149712874184644,0.1819630459804838,False,False,0.9889246709910502,14
taylor_quintic:steps=4:current_plus_eps:raw_grid_repair_1.02x,taylor_quintic,4,current_plus_eps,raw_grid_repair_1.02x,0.0001,0.9,1,0.037613438866218936,0.152725680740085,0.031569805972774166,0.1819630459804838,False,False,0.6085690283021847,9
taylor_quintic:steps=4:current_plus_eps:raw_grid_repair_1.02x,taylor_quintic,4,current_plus_eps,raw_grid_repair_1.02x,0.0001,1.0,1,0.05339311987371051,0.152725680740085,0.04481404746557166,0.1819630459804838,False,False,0.45642677122663855,7
taylor_quintic:steps=4:current_plus_eps:raw_grid_repair_1.02x,taylor_quintic,4,current_plus_eps,raw_grid_repair_1.02x,1e-05,0.75,1,0.01866631227985865,0.152725680740085,0.015667056101897645,0.1819630459804838,False,False,0.9128535424532771,13
taylor_quintic:steps=4:current_plus_eps:raw_grid_repair_1.02x,taylor_quintic,4,current_plus_eps,raw_grid_repair_1.02x,1e-05,0.9,1,0.04481404746557166,0.152725680740085,0.037613438866218936,0.1819630459804838,False,False,0.5324978997644116,8
taylor_quintic:steps=4:current_plus_eps:raw_grid_repair_1.02x,taylor_quintic,4,current_plus_eps,raw_grid_repair_1.02x,1e-05,1.0,1,0.05339311987371051,0.152725680740085,0.04481404746557166,0.1819630459804838,False,False,0.45642677122663855,7
taylor_quintic:steps=4:current_plus_eps:gain_matched_grid_repair_1.02x,taylor_quintic,4,current_plus_eps,gain_matched_grid_repair_1.02x,0.001,0.75,1,0.015667056101897645,0.152725680740085,0.013149712874184644,0.1819630459804838,False,False,0.9889246709910502,14
taylor_quintic:steps=4:current_plus_eps:gain_matched_grid_repair_1.02x,taylor_quintic,4,current_plus_eps,gain_matched_grid_repair_1.02x,0.001,0.9,1,0.031569805972774166,0.152725680740085,0.026497248834477422,0.1819630459804838,False,False,0.6846401568399578,10
taylor_quintic:steps=4:current_plus_eps:gain_matched_grid_repair_1.02x,taylor_quintic,4,current_plus_eps,gain_matched_grid_repair_1.02x,0.001,1.0,1,0.04481404746557166,0.152725680740085,0.037613438866218936,0.1819630459804838,False,False,0.5324978997644116,8
taylor_quintic:steps=4:current_plus_eps:gain_matched_grid_repair_1.02x,taylor_quintic,4,current_plus_eps,gain_matched_grid_repair_1.02x,0.0001,0.75,1,0.015667056101897645,0.152725680740085,0.013149712874184644,0.1819630459804838,False,False,0.9889246709910502,14
taylor_quintic:steps=4:current_plus_eps:gain_matched_grid_repair_1.02x,taylor_quintic,4,current_plus_eps,gain_matched_grid_repair_1.02x,0.0001,0.9,1,0.037613438866218936,0.152725680740085,0.031569805972774166,0.1819630459804838,False,False,0.6085690283021847,9
taylor_quintic:steps=4:current_plus_eps:gain_matched_grid_repair_1.02x,taylor_quintic,4,current_plus_eps,gain_matched_grid_repair_1.02x,0.0001,1.0,1,0.05339311987371051,0.152725680740085,0.04481404746557166,0.1819630459804838,False,False,0.45642677122663855,7
taylor_quintic:steps=4:current_plus_eps:gain_matched_grid_repair_1.02x,taylor_quintic,4,current_plus_eps,gain_matched_grid_repair_1.02x,1e-05,0.75,1,0.01866631227985865,0.152725680740085,0.015667056101897645,0.1819630459804838,False,False,0.9128535424532771,13
taylor_quintic:steps=4:current_plus_eps:gain_matched_grid_repair_1.02x,taylor_quintic,4,current_plus_eps,gain_matched_grid_repair_1.02x,1e-05,0.9,1,0.04481404746557166,0.152725680740085,0.037613438866218936,0.1819630459804838,False,False,0.5324978997644116,8
taylor_quintic:steps=4:current_plus_eps:gain_matched_grid_repair_1.02x,taylor_quintic,4,current_plus_eps,gain_matched_grid_repair_1.02x,1e-05,1.0,1,0.05339311987371051,0.152725680740085,0.04481404746557166,0.1819630459804838,False,False,0.45642677122663855,7
taylor_quintic:steps=4:current_plus_eps:gain_only_unrepaired_control,taylor_quintic,4,current_plus_eps,gain_only_unrepaired_control,0.001,0.75,1,0.015667056101897645,0.152725680740085,0.013149712874184644,0.1819630459804838,False,False,0.9889246709910502,14
taylor_quintic:steps=4:current_plus_eps:gain_only_unrepaired_control,taylor_quintic,4,current_plus_eps,gain_only_unrepaired_control,0.001,0.9,1,0.031569805972774166,0.152725680740085,0.026497248834477422,0.1819630459804838,False,False,0.6846401568399578,10
taylor_quintic:steps=4:current_plus_eps:gain_only_unrepaired_control,taylor_quintic,4,current_plus_eps,gain_only_unrepaired_control,0.001,1.0,1,0.04481404746557166,0.152725680740085,0.037613438866218936,0.1819630459804838,False,False,0.5324978997644116,8
taylor_quintic:steps=4:current_plus_eps:gain_only_unrepaired_control,taylor_quintic,4,current_plus_eps,gain_only_unrepaired_control,0.0001,0.75,1,0.015667056101897645,0.152725680740085,0.013149712874184644,0.1819630459804838,False,False,0.9889246709910502,14
taylor_quintic:steps=4:current_plus_eps:gain_only_unrepaired_control,taylor_quintic,4,current_plus_eps,gain_only_unrepaired_control,0.0001,0.9,1,0.037613438866218936,0.152725680740085,0.031569805972774166,0.1819630459804838,False,False,0.6085690283021847,9
taylor_quintic:steps=4:current_plus_eps:gain_only_unrepaired_control,taylor_quintic,4,current_plus_eps,gain_only_unrepaired_control,0.0001,1.0,1,0.05339311987371051,0.152725680740085,0.04481404746557166,0.1819630459804838,False,False,0.45642677122663855,7
taylor_quintic:steps=4:current_plus_eps:gain_only_unrepaired_control,taylor_quintic,4,current_plus_eps,gain_only_unrepaired_control,1e-05,0.75,1,0.01866631227985865,0.152725680740085,0.015667056101897645,0.1819630459804838,False,False,0.9128535424532771,13
taylor_quintic:steps=4:current_plus_eps:gain_only_unrepaired_control,taylor_quintic,4,current_plus_eps,gain_only_unrepaired_control,1e-05,0.9,1,0.04481404746557166,0.152725680740085,0.037613438866218936,0.1819630459804838,False,False,0.5324978997644116,8
taylor_quintic:steps=4:current_plus_eps:gain_only_unrepaired_control,taylor_quintic,4,current_plus_eps,gain_only_unrepaired_control,1e-05,1.0,1,0.05339311987371051,0.152725680740085,0.04481404746557166,0.1819630459804838,False,False,0.45642677122663855,7
taylor_quintic:steps=4:fixed_scale:fixed_scale_control,taylor_quintic,4,fixed_scale,fixed_scale_control,0.001,0.75,1,0.013149712874184644,0.152725680740085,0.011036850034165217,0.1819630459804838,False,False,1.0649957995288233,15
taylor_quintic:steps=4:fixed_scale:fixed_scale_control,taylor_quintic,4,fixed_scale,fixed_scale_control,0.001,0.9,1,0.031569805972774166,0.152725680740085,0.026497248834477422,0.1819630459804838,False,False,0.6846401568399578,10
taylor_quintic:steps=4:fixed_scale:fixed_scale_control,taylor_quintic,4,fixed_scale,fixed_scale_control,0.001,1.0,1,0.04481404746557166,0.152725680740085,0.037613438866218936,0.1819630459804838,False,False,0.5324978997644116,8
taylor_quintic:steps=4:fixed_scale:fixed_scale_control,taylor_quintic,4,fixed_scale,fixed_scale_control,0.0001,0.75,1,0.015667056101897645,0.152725680740085,0.013149712874184644,0.1819630459804838,False,False,0.9889246709910502,14
taylor_quintic:steps=4:fixed_scale:fixed_scale_control,taylor_quintic,4,fixed_scale,fixed_scale_control,0.0001,0.9,1,0.037613438866218936,0.152725680740085,0.031569805972774166,0.1819630459804838,False,False,0.6085690283021847,9
taylor_quintic:steps=4:fixed_scale:fixed_scale_control,taylor_quintic,4,fixed_scale,fixed_scale_control,0.0001,1.0,1,0.05339311987371051,0.152725680740085,0.04481404746557166,0.1819630459804838,False,False,0.45642677122663855,7
taylor_quintic:steps=4:fixed_scale:fixed_scale_control,taylor_quintic,4,fixed_scale,fixed_scale_control,1e-05,0.75,1,0.01866631227985865,0.152725680740085,0.015667056101897645,0.1819630459804838,False,False,0.9128535424532771,13
taylor_quintic:steps=4:fixed_scale:fixed_scale_control,taylor_quintic,4,fixed_scale,fixed_scale_control,1e-05,0.9,1,0.04481404746557166,0.152725680740085,0.037613438866218936,0.1819630459804838,False,False,0.5324978997644116,8
taylor_quintic:steps=4:fixed_scale:fixed_scale_control,taylor_quintic,4,fixed_scale,fixed_scale_control,1e-05,1.0,1,0.05339311987371051,0.152725680740085,0.04481404746557166,0.1819630459804838,False,False,0.45642677122663855,7
taylor_quintic:steps=5:current_plus_eps:unrepaired,taylor_quintic,5,current_plus_eps,unrepaired,0.001,0.75,1,0.011036850034165217,0.09030227339081447,0.00926347668896959,0.10758948099317438,False,False,0.9128535424532771,13
taylor_quintic:steps=5:current_plus_eps:unrepaired,taylor_quintic,5,current_plus_eps,unrepaired,0.001,0.9,1,0.031569805972774166,0.09030227339081447,0.026497248834477422,0.10758948099317438,False,False,0.45642677122663855,7
taylor_quintic:steps=5:current_plus_eps:unrepaired,taylor_quintic,5,current_plus_eps,unrepaired,0.001,1.0,1,0.04481404746557166,0.09030227339081447,0.037613438866218936,0.10758948099317438,False,False,0.3042845141510923,5
taylor_quintic:steps=5:current_plus_eps:unrepaired,taylor_quintic,5,current_plus_eps,unrepaired,0.0001,0.75,1,0.013149712874184644,0.07579273089036216,0.011036850034165217,0.09030227339081447,False,False,0.7607112853777309,11
taylor_quintic:steps=5:current_plus_eps:unrepaired,taylor_quintic,5,current_plus_eps,unrepaired,0.0001,0.9,1,0.031569805972774166,0.07579273089036216,0.026497248834477422,0.09030227339081447,False,False,0.3803556426888655,6
taylor_quintic:steps=5:current_plus_eps:unrepaired,taylor_quintic,5,current_plus_eps,unrepaired,0.0001,1.0,1,0.04481404746557166,0.07579273089036216,0.037613438866218936,0.09030227339081447,False,False,0.22821338561331928,4
taylor_quintic:steps=5:current_plus_eps:unrepaired,taylor_quintic,5,current_plus_eps,unrepaired,1e-05,0.75,1,0.015667056101897645,0.07579273089036216,0.013149712874184644,0.09030227339081447,False,False,0.6846401568399578,10
taylor_quintic:steps=5:current_plus_eps:unrepaired,taylor_quintic,5,current_plus_eps,unrepaired,1e-05,0.9,1,0.037613438866218936,0.07579273089036216,0.031569805972774166,0.09030227339081447,False,False,0.3042845141510924,5
taylor_quintic:steps=5:current_plus_eps:unrepaired,taylor_quintic,5,current_plus_eps,unrepaired,1e-05,1.0,1,0.05339311987371051,0.07579273089036216,0.04481404746557166,0.09030227339081447,False,False,0.1521422570755462,3
taylor_quintic:steps=5:current_plus_eps:raw_grid_repair_1.02x,taylor_quintic,5,current_plus_eps,raw_grid_repair_1.02x,0.001,0.75,1,0.011036850034165217,0.09030227339081447,0.00926347668896959,0.10758948099317438,False,False,0.9128535424532771,13
taylor_quintic:steps=5:current_plus_eps:raw_grid_repair_1.02x,taylor_quintic,5,current_plus_eps,raw_grid_repair_1.02x,0.001,0.9,1,0.031569805972774166,0.09030227339081447,0.026497248834477422,0.10758948099317438,False,False,0.45642677122663855,7
taylor_quintic:steps=5:current_plus_eps:raw_grid_repair_1.02x,taylor_quintic,5,current_plus_eps,raw_grid_repair_1.02x,0.001,1.0,1,0.04481404746557166,0.09030227339081447,0.037613438866218936,0.10758948099317438,False,False,0.3042845141510923,5
taylor_quintic:steps=5:current_plus_eps:raw_grid_repair_1.02x,taylor_quintic,5,current_plus_eps,raw_grid_repair_1.02x,0.0001,0.75,1,0.013149712874184644,0.07579273089036216,0.011036850034165217,0.09030227339081447,False,False,0.7607112853777309,11
taylor_quintic:steps=5:current_plus_eps:raw_grid_repair_1.02x,taylor_quintic,5,current_plus_eps,raw_grid_repair_1.02x,0.0001,0.9,1,0.031569805972774166,0.07579273089036216,0.026497248834477422,0.09030227339081447,False,False,0.3803556426888655,6
taylor_quintic:steps=5:current_plus_eps:raw_grid_repair_1.02x,taylor_quintic,5,current_plus_eps,raw_grid_repair_1.02x,0.0001,1.0,1,0.04481404746557166,0.07579273089036216,0.037613438866218936,0.09030227339081447,False,False,0.22821338561331928,4
taylor_quintic:steps=5:current_plus_eps:raw_grid_repair_1.02x,taylor_quintic,5,current_plus_eps,raw_grid_repair_1.02x,1e-05,0.75,1,0.015667056101897645,0.07579273089036216,0.013149712874184644,0.09030227339081447,False,False,0.6846401568399578,10
taylor_quintic:steps=5:current_plus_eps:raw_grid_repair_1.02x,taylor_quintic,5,current_plus_eps,raw_grid_repair_1.02x,1e-05,0.9,1,0.037613438866218936,0.07579273089036216,0.031569805972774166,0.09030227339081447,False,False,0.3042845141510924,5
taylor_quintic:steps=5:current_plus_eps:raw_grid_repair_1.02x,taylor_quintic,5,current_plus_eps,raw_grid_repair_1.02x,1e-05,1.0,1,0.05339311987371051,0.07579273089036216,0.04481404746557166,0.09030227339081447,False,False,0.1521422570755462,3
taylor_quintic:steps=5:current_plus_eps:gain_matched_grid_repair_1.02x,taylor_quintic,5,current_plus_eps,gain_matched_grid_repair_1.02x,0.001,0.75,1,0.011036850034165217,0.09030227339081447,0.00926347668896959,0.10758948099317438,False,False,0.9128535424532771,13
taylor_quintic:steps=5:current_plus_eps:gain_matched_grid_repair_1.02x,taylor_quintic,5,current_plus_eps,gain_matched_grid_repair_1.02x,0.001,0.9,1,0.031569805972774166,0.09030227339081447,0.026497248834477422,0.10758948099317438,False,False,0.45642677122663855,7
taylor_quintic:steps=5:current_plus_eps:gain_matched_grid_repair_1.02x,taylor_quintic,5,current_plus_eps,gain_matched_grid_repair_1.02x,0.001,1.0,1,0.04481404746557166,0.09030227339081447,0.037613438866218936,0.10758948099317438,False,False,0.3042845141510923,5
taylor_quintic:steps=5:current_plus_eps:gain_matched_grid_repair_1.02x,taylor_quintic,5,current_plus_eps,gain_matched_grid_repair_1.02x,0.0001,0.75,1,0.013149712874184644,0.07579273089036216,0.011036850034165217,0.09030227339081447,False,False,0.7607112853777309,11
taylor_quintic:steps=5:current_plus_eps:gain_matched_grid_repair_1.02x,taylor_quintic,5,current_plus_eps,gain_matched_grid_repair_1.02x,0.0001,0.9,1,0.031569805972774166,0.07579273089036216,0.026497248834477422,0.09030227339081447,False,False,0.3803556426888655,6
taylor_quintic:steps=5:current_plus_eps:gain_matched_grid_repair_1.02x,taylor_quintic,5,current_plus_eps,gain_matched_grid_repair_1.02x,0.0001,1.0,1,0.04481404746557166,0.07579273089036216,0.037613438866218936,0.09030227339081447,False,False,0.22821338561331928,4
taylor_quintic:steps=5:current_plus_eps:gain_matched_grid_repair_1.02x,taylor_quintic,5,current_plus_eps,gain_matched_grid_repair_1.02x,1e-05,0.75,1,0.015667056101897645,0.07579273089036216,0.013149712874184644,0.09030227339081447,False,False,0.6846401568399578,10
taylor_quintic:steps=5:current_plus_eps:gain_matched_grid_repair_1.02x,taylor_quintic,5,current_plus_eps,gain_matched_grid_repair_1.02x,1e-05,0.9,1,0.037613438866218936,0.07579273089036216,0.031569805972774166,0.09030227339081447,False,False,0.3042845141510924,5
taylor_quintic:steps=5:current_plus_eps:gain_matched_grid_repair_1.02x,taylor_quintic,5,current_plus_eps,gain_matched_grid_repair_1.02x,1e-05,1.0,1,0.05339311987371051,0.07579273089036216,0.04481404746557166,0.09030227339081447,False,False,0.1521422570755462,3
taylor_quintic:steps=5:current_plus_eps:gain_only_unrepaired_control,taylor_quintic,5,current_plus_eps,gain_only_unrepaired_control,0.001,0.75,1,0.011036850034165217,0.09030227339081447,0.00926347668896959,0.10758948099317438,False,False,0.9128535424532771,13
taylor_quintic:steps=5:current_plus_eps:gain_only_unrepaired_control,taylor_quintic,5,current_plus_eps,gain_only_unrepaired_control,0.001,0.9,1,0.031569805972774166,0.09030227339081447,0.026497248834477422,0.10758948099317438,False,False,0.45642677122663855,7
taylor_quintic:steps=5:current_plus_eps:gain_only_unrepaired_control,taylor_quintic,5,current_plus_eps,gain_only_unrepaired_control,0.001,1.0,1,0.04481404746557166,0.09030227339081447,0.037613438866218936,0.10758948099317438,False,False,0.3042845141510923,5
taylor_quintic:steps=5:current_plus_eps:gain_only_unrepaired_control,taylor_quintic,5,current_plus_eps,gain_only_unrepaired_control,0.0001,0.75,1,0.013149712874184644,0.07579273089036216,0.011036850034165217,0.09030227339081447,False,False,0.7607112853777309,11
taylor_quintic:steps=5:current_plus_eps:gain_only_unrepaired_control,taylor_quintic,5,current_plus_eps,gain_only_unrepaired_control,0.0001,0.9,1,0.031569805972774166,0.07579273089036216,0.026497248834477422,0.09030227339081447,False,False,0.3803556426888655,6
taylor_quintic:steps=5:current_plus_eps:gain_only_unrepaired_control,taylor_quintic,5,current_plus_eps,gain_only_unrepaired_control,0.0001,1.0,1,0.04481404746557166,0.07579273089036216,0.037613438866218936,0.09030227339081447,False,False,0.22821338561331928,4
taylor_quintic:steps=5:current_plus_eps:gain_only_unrepaired_control,taylor_quintic,5,current_plus_eps,gain_only_unrepaired_control,1e-05,0.75,1,0.015667056101897645,0.07579273089036216,0.013149712874184644,0.09030227339081447,False,False,0.6846401568399578,10
taylor_quintic:steps=5:current_plus_eps:gain_only_unrepaired_control,taylor_quintic,5,current_plus_eps,gain_only_unrepaired_control,1e-05,0.9,1,0.037613438866218936,0.07579273089036216,0.031569805972774166,0.09030227339081447,False,False,0.3042845141510924,5
taylor_quintic:steps=5:current_plus_eps:gain_only_unrepaired_control,taylor_quintic,5,current_plus_eps,gain_only_unrepaired_control,1e-05,1.0,1,0.05339311987371051,0.07579273089036216,0.04481404746557166,0.09030227339081447,False,False,0.1521422570755462,3
taylor_quintic:steps=5:fixed_scale:fixed_scale_control,taylor_quintic,5,fixed_scale,fixed_scale_control,0.001,0.75,1,0.011036850034165217,0.09030227339081447,0.00926347668896959,0.10758948099317438,False,False,0.9128535424532771,13
taylor_quintic:steps=5:fixed_scale:fixed_scale_control,taylor_quintic,5,fixed_scale,fixed_scale_control,0.001,0.9,1,0.031569805972774166,0.09030227339081447,0.026497248834477422,0.10758948099317438,False,False,0.45642677122663855,7
taylor_quintic:steps=5:fixed_scale:fixed_scale_control,taylor_quintic,5,fixed_scale,fixed_scale_control,0.001,1.0,1,0.04481404746557166,0.09030227339081447,0.037613438866218936,0.10758948099317438,False,False,0.3042845141510923,5
taylor_quintic:steps=5:fixed_scale:fixed_scale_control,taylor_quintic,5,fixed_scale,fixed_scale_control,0.0001,0.75,1,0.013149712874184644,0.07579273089036216,0.011036850034165217,0.09030227339081447,False,False,0.7607112853777309,11
taylor_quintic:steps=5:fixed_scale:fixed_scale_control,taylor_quintic,5,fixed_scale,fixed_scale_control,0.0001,0.9,1,0.031569805972774166,0.07579273089036216,0.026497248834477422,0.09030227339081447,False,False,0.3803556426888655,6
taylor_quintic:steps=5:fixed_scale:fixed_scale_control,taylor_quintic,5,fixed_scale,fixed_scale_control,0.0001,1.0,1,0.04481404746557166,0.07579273089036216,0.037613438866218936,0.09030227339081447,False,False,0.22821338561331928,4
taylor_quintic:steps=5:fixed_scale:fixed_scale_control,taylor_quintic,5,fixed_scale,fixed_scale_control,1e-05,0.75,1,0.015667056101897645,0.07579273089036216,0.013149712874184644,0.09030227339081447,False,False,0.6846401568399578,10
taylor_quintic:steps=5:fixed_scale:fixed_scale_control,taylor_quintic,5,fixed_scale,fixed_scale_control,1e-05,0.9,1,0.037613438866218936,0.07579273089036216,0.031569805972774166,0.09030227339081447,False,False,0.3042845141510924,5
taylor_quintic:steps=5:fixed_scale:fixed_scale_control,taylor_quintic,5,fixed_scale,fixed_scale_control,1e-05,1.0,1,0.05339311987371051,0.07579273089036216,0.04481404746557166,0.09030227339081447,False,False,0.1521422570755462,3
polar_express_repo_71cc_steps5:steps=1:current_plus_eps:unrepaired,polar_express_repo_71cc_steps5,1,current_plus_eps,unrepaired,0.001,0.75,1,0.011036850034165217,0.2167975283661992,0.00926347668896959,0.2583006239120332,False,False,1.2932091851421426,18
polar_express_repo_71cc_steps5:steps=1:current_plus_eps:unrepaired,polar_express_repo_71cc_steps5,1,current_plus_eps,unrepaired,0.001,0.9,1,0.026497248834477422,0.2167975283661992,0.022239737437781862,0.2583006239120332,False,False,0.9128535424532771,13
polar_express_repo_71cc_steps5:steps=1:current_plus_eps:unrepaired,polar_express_repo_71cc_steps5,1,current_plus_eps,unrepaired,0.001,1.0,1,0.031569805972774166,0.2167975283661992,0.026497248834477422,0.2583006239120332,False,False,0.836782413915504,12
polar_express_repo_71cc_steps5:steps=1:current_plus_eps:unrepaired,polar_express_repo_71cc_steps5,1,current_plus_eps,unrepaired,0.0001,0.75,1,0.013149712874184644,0.2167975283661992,0.011036850034165217,0.2583006239120332,False,False,1.2171380566043695,17
polar_express_repo_71cc_steps5:steps=1:current_plus_eps:unrepaired,polar_express_repo_71cc_steps5,1,current_plus_eps,unrepaired,0.0001,0.9,1,0.031569805972774166,0.2167975283661992,0.026497248834477422,0.2583006239120332,False,False,0.836782413915504,12
polar_express_repo_71cc_steps5:steps=1:current_plus_eps:unrepaired,polar_express_repo_71cc_steps5,1,current_plus_eps,unrepaired,0.0001,1.0,1,0.037613438866218936,0.2167975283661992,0.031569805972774166,0.2583006239120332,False,False,0.7607112853777309,11
polar_express_repo_71cc_steps5:steps=1:current_plus_eps:unrepaired,polar_express_repo_71cc_steps5,1,current_plus_eps,unrepaired,1e-05,0.75,1,0.015667056101897645,0.2167975283661992,0.013149712874184644,0.2583006239120332,False,False,1.1410669280665964,16
polar_express_repo_71cc_steps5:steps=1:current_plus_eps:unrepaired,polar_express_repo_71cc_steps5,1,current_plus_eps,unrepaired,1e-05,0.9,1,0.037613438866218936,0.2167975283661992,0.031569805972774166,0.2583006239120332,False,False,0.7607112853777309,11
polar_express_repo_71cc_steps5:steps=1:current_plus_eps:unrepaired,polar_express_repo_71cc_steps5,1,current_plus_eps,unrepaired,1e-05,1.0,1,0.04481404746557166,0.2167975283661992,0.037613438866218936,0.2583006239120332,False,False,0.6846401568399577,10
polar_express_repo_71cc_steps5:steps=1:current_plus_eps:raw_grid_repair_1.02x,polar_express_repo_71cc_steps5,1,current_plus_eps,raw_grid_repair_1.02x,0.001,0.75,1,0.007775044519174121,0.2167975283661992,0.0065257698923257895,0.2583006239120332,False,False,1.4453514422176887,20
polar_express_repo_71cc_steps5:steps=1:current_plus_eps:raw_grid_repair_1.02x,polar_express_repo_71cc_steps5,1,current_plus_eps,raw_grid_repair_1.02x,0.001,0.9,1,0.022239737437781862,0.2167975283661992,0.01866631227985865,0.2583006239120332,False,False,0.9889246709910502,14
polar_express_repo_71cc_steps5:steps=1:current_plus_eps:raw_grid_repair_1.02x,polar_express_repo_71cc_steps5,1,current_plus_eps,raw_grid_repair_1.02x,0.001,1.0,1,0.026497248834477422,0.2167975283661992,0.022239737437781862,0.2583006239120332,False,False,0.9128535424532771,13
polar_express_repo_71cc_steps5:steps=1:current_plus_eps:raw_grid_repair_1.02x,polar_express_repo_71cc_steps5,1,current_plus_eps,raw_grid_repair_1.02x,0.0001,0.75,1,0.011036850034165217,0.1819630459804838,0.00926347668896959,0.2167975283661992,False,False,1.2171380566043695,17
polar_express_repo_71cc_steps5:steps=1:current_plus_eps:raw_grid_repair_1.02x,polar_express_repo_71cc_steps5,1,current_plus_eps,raw_grid_repair_1.02x,0.0001,0.9,1,0.026497248834477422,0.1819630459804838,0.022239737437781862,0.2167975283661992,False,False,0.836782413915504,12
polar_express_repo_71cc_steps5:steps=1:current_plus_eps:raw_grid_repair_1.02x,polar_express_repo_71cc_steps5,1,current_plus_eps,raw_grid_repair_1.02x,0.0001,1.0,1,0.031569805972774166,0.1819630459804838,0.026497248834477422,0.2167975283661992,False,False,0.7607112853777309,11
polar_express_repo_71cc_steps5:steps=1:current_plus_eps:raw_grid_repair_1.02x,polar_express_repo_71cc_steps5,1,current_plus_eps,raw_grid_repair_1.02x,1e-05,0.75,1,0.013149712874184644,0.1819630459804838,0.011036850034165217,0.2167975283661992,False,False,1.1410669280665964,16
polar_express_repo_71cc_steps5:steps=1:current_plus_eps:raw_grid_repair_1.02x,polar_express_repo_71cc_steps5,1,current_plus_eps,raw_grid_repair_1.02x,1e-05,0.9,1,0.031569805972774166,0.1819630459804838,0.026497248834477422,0.2167975283661992,False,False,0.7607112853777309,11
polar_express_repo_71cc_steps5:steps=1:current_plus_eps:raw_grid_repair_1.02x,polar_express_repo_71cc_steps5,1,current_plus_eps,raw_grid_repair_1.02x,1e-05,1.0,1,0.037613438866218936,0.1819630459804838,0.031569805972774166,0.2167975283661992,False,False,0.6846401568399577,10
polar_express_repo_71cc_steps5:steps=1:current_plus_eps:gain_matched_grid_repair_1.02x,polar_express_repo_71cc_steps5,1,current_plus_eps,gain_matched_grid_repair_1.02x,0.001,0.75,1,0.00926347668896959,0.2167975283661992,0.007775044519174121,0.2583006239120332,False,False,1.3692803136799157,19
polar_express_repo_71cc_steps5:steps=1:current_plus_eps:gain_matched_grid_repair_1.02x,polar_express_repo_71cc_steps5,1,current_plus_eps,gain_matched_grid_repair_1.02x,0.001,0.9,1,0.026497248834477422,0.2167975283661992,0.022239737437781862,0.2583006239120332,False,False,0.9128535424532771,13
polar_express_repo_71cc_steps5:steps=1:current_plus_eps:gain_matched_grid_repair_1.02x,polar_express_repo_71cc_steps5,1,current_plus_eps,gain_matched_grid_repair_1.02x,0.001,1.0,1,0.026497248834477422,0.2167975283661992,0.022239737437781862,0.2583006239120332,False,False,0.9128535424532771,13
polar_express_repo_71cc_steps5:steps=1:current_plus_eps:gain_matched_grid_repair_1.02x,polar_express_repo_71cc_steps5,1,current_plus_eps,gain_matched_grid_repair_1.02x,0.0001,0.75,1,0.011036850034165217,0.2167975283661992,0.00926347668896959,0.2583006239120332,False,False,1.2932091851421426,18
polar_express_repo_71cc_steps5:steps=1:current_plus_eps:gain_matched_grid_repair_1.02x,polar_express_repo_71cc_steps5,1,current_plus_eps,gain_matched_grid_repair_1.02x,0.0001,0.9,1,0.031569805972774166,0.2167975283661992,0.026497248834477422,0.2583006239120332,False,False,0.836782413915504,12
polar_express_repo_71cc_steps5:steps=1:current_plus_eps:gain_matched_grid_repair_1.02x,polar_express_repo_71cc_steps5,1,current_plus_eps,gain_matched_grid_repair_1.02x,0.0001,1.0,1,0.037613438866218936,0.2167975283661992,0.031569805972774166,0.2583006239120332,False,False,0.7607112853777309,11
polar_express_repo_71cc_steps5:steps=1:current_plus_eps:gain_matched_grid_repair_1.02x,polar_express_repo_71cc_steps5,1,current_plus_eps,gain_matched_grid_repair_1.02x,1e-05,0.75,1,0.013149712874184644,0.2167975283661992,0.011036850034165217,0.2583006239120332,False,False,1.2171380566043695,17
polar_express_repo_71cc_steps5:steps=1:current_plus_eps:gain_matched_grid_repair_1.02x,polar_express_repo_71cc_steps5,1,current_plus_eps,gain_matched_grid_repair_1.02x,1e-05,0.9,1,0.037613438866218936,0.2167975283661992,0.031569805972774166,0.2583006239120332,False,False,0.7607112853777309,11
polar_express_repo_71cc_steps5:steps=1:current_plus_eps:gain_matched_grid_repair_1.02x,polar_express_repo_71cc_steps5,1,current_plus_eps,gain_matched_grid_repair_1.02x,1e-05,1.0,1,0.04481404746557166,0.2167975283661992,0.037613438866218936,0.2583006239120332,False,False,0.6846401568399577,10
polar_express_repo_71cc_steps5:steps=1:current_plus_eps:gain_only_unrepaired_control,polar_express_repo_71cc_steps5,1,current_plus_eps,gain_only_unrepaired_control,0.001,0.75,1,0.00926347668896959,0.2167975283661992,0.007775044519174121,0.2583006239120332,False,False,1.3692803136799157,19
polar_express_repo_71cc_steps5:steps=1:current_plus_eps:gain_only_unrepaired_control,polar_express_repo_71cc_steps5,1,current_plus_eps,gain_only_unrepaired_control,0.001,0.9,1,0.022239737437781862,0.2167975283661992,0.01866631227985865,0.2583006239120332,False,False,0.9889246709910502,14
polar_express_repo_71cc_steps5:steps=1:current_plus_eps:gain_only_unrepaired_control,polar_express_repo_71cc_steps5,1,current_plus_eps,gain_only_unrepaired_control,0.001,1.0,1,0.026497248834477422,0.2167975283661992,0.022239737437781862,0.2583006239120332,False,False,0.9128535424532771,13
polar_express_repo_71cc_steps5:steps=1:current_plus_eps:gain_only_unrepaired_control,polar_express_repo_71cc_steps5,1,current_plus_eps,gain_only_unrepaired_control,0.0001,0.75,1,0.011036850034165217,0.1819630459804838,0.00926347668896959,0.2167975283661992,False,False,1.2171380566043695,17
polar_express_repo_71cc_steps5:steps=1:current_plus_eps:gain_only_unrepaired_control,polar_express_repo_71cc_steps5,1,current_plus_eps,gain_only_unrepaired_control,0.0001,0.9,1,0.026497248834477422,0.1819630459804838,0.022239737437781862,0.2167975283661992,False,False,0.836782413915504,12
polar_express_repo_71cc_steps5:steps=1:current_plus_eps:gain_only_unrepaired_control,polar_express_repo_71cc_steps5,1,current_plus_eps,gain_only_unrepaired_control,0.0001,1.0,1,0.031569805972774166,0.1819630459804838,0.026497248834477422,0.2167975283661992,False,False,0.7607112853777309,11
polar_express_repo_71cc_steps5:steps=1:current_plus_eps:gain_only_unrepaired_control,polar_express_repo_71cc_steps5,1,current_plus_eps,gain_only_unrepaired_control,1e-05,0.75,1,0.013149712874184644,0.1819630459804838,0.011036850034165217,0.2167975283661992,False,False,1.1410669280665964,16
polar_express_repo_71cc_steps5:steps=1:current_plus_eps:gain_only_unrepaired_control,polar_express_repo_71cc_steps5,1,current_plus_eps,gain_only_unrepaired_control,1e-05,0.9,1,0.037613438866218936,0.1819630459804838,0.031569805972774166,0.2167975283661992,False,False,0.6846401568399577,10
polar_express_repo_71cc_steps5:steps=1:current_plus_eps:gain_only_unrepaired_control,polar_express_repo_71cc_steps5,1,current_plus_eps,gain_only_unrepaired_control,1e-05,1.0,1,0.037613438866218936,0.1819630459804838,0.031569805972774166,0.2167975283661992,False,False,0.6846401568399577,10
polar_express_repo_71cc_steps5:steps=1:fixed_scale:fixed_scale_control,polar_express_repo_71cc_steps5,1,fixed_scale,fixed_scale_control,0.001,0.75,1,0.01866631227985865,0.2167975283661992,0.015667056101897645,0.2583006239120332,False,False,1.0649957995288233,15
polar_express_repo_71cc_steps5:steps=1:fixed_scale:fixed_scale_control,polar_express_repo_71cc_steps5,1,fixed_scale,fixed_scale_control,0.001,0.9,1,0.026497248834477422,0.2167975283661992,0.022239737437781862,0.2583006239120332,False,False,0.9128535424532771,13
polar_express_repo_71cc_steps5:steps=1:fixed_scale:fixed_scale_control,polar_express_repo_71cc_steps5,1,fixed_scale,fixed_scale_control,0.001,1.0,1,0.06361454523915885,0.2167975283661992,0.05339311987371051,0.2583006239120332,False,False,0.5324978997644116,8
polar_express_repo_71cc_steps5:steps=1:fixed_scale:fixed_scale_control,polar_express_repo_71cc_steps5,1,fixed_scale,fixed_scale_control,0.0001,0.75,1,0.022239737437781862,0.2167975283661992,0.01866631227985865,0.2583006239120332,False,False,0.9889246709910502,14
polar_express_repo_71cc_steps5:steps=1:fixed_scale:fixed_scale_control,polar_express_repo_71cc_steps5,1,fixed_scale,fixed_scale_control,0.0001,0.9,1,0.031569805972774166,0.2167975283661992,0.026497248834477422,0.2583006239120332,False,False,0.836782413915504,12
polar_express_repo_71cc_steps5:steps=1:fixed_scale:fixed_scale_control,polar_express_repo_71cc_steps5,1,fixed_scale,fixed_scale_control,0.0001,1.0,1,0.07579273089036216,0.2167975283661992,0.06361454523915885,0.2583006239120332,False,False,0.4564267712266385,7
polar_express_repo_71cc_steps5:steps=1:fixed_scale:fixed_scale_control,polar_express_repo_71cc_steps5,1,fixed_scale,fixed_scale_control,1e-05,0.75,1,0.026497248834477422,0.2167975283661992,0.022239737437781862,0.2583006239120332,False,False,0.9128535424532771,13
polar_express_repo_71cc_steps5:steps=1:fixed_scale:fixed_scale_control,polar_express_repo_71cc_steps5,1,fixed_scale,fixed_scale_control,1e-05,0.9,1,0.037613438866218936,0.2167975283661992,0.031569805972774166,0.2583006239120332,False,False,0.7607112853777309,11
polar_express_repo_71cc_steps5:steps=1:fixed_scale:fixed_scale_control,polar_express_repo_71cc_steps5,1,fixed_scale,fixed_scale_control,1e-05,1.0,1,0.07579273089036216,0.2167975283661992,0.06361454523915885,0.2583006239120332,False,False,0.4564267712266385,7
polar_express_repo_71cc_steps5:steps=2:current_plus_eps:unrepaired,polar_express_repo_71cc_steps5,2,current_plus_eps,unrepaired,0.001,0.75,1,0.015667056101897645,0.06361454523915885,0.013149712874184644,0.07579273089036216,False,False,0.6085690283021847,9
polar_express_repo_71cc_steps5:steps=2:current_plus_eps:unrepaired,polar_express_repo_71cc_steps5,2,current_plus_eps,unrepaired,0.001,0.9,1,0.04481404746557166,0.05339311987371051,0.037613438866218936,0.06361454523915885,False,False,0.07607112853777302,2
polar_express_repo_71cc_steps5:steps=2:current_plus_eps:unrepaired,polar_express_repo_71cc_steps5,2,current_plus_eps,unrepaired,0.001,1.0,0,,,,,False,False,0.0,0
polar_express_repo_71cc_steps5:steps=2:current_plus_eps:unrepaired,polar_express_repo_71cc_steps5,2,current_plus_eps,unrepaired,0.0001,0.75,1,0.015667056101897645,0.05339311987371051,0.013149712874184644,0.06361454523915885,False,False,0.5324978997644116,8
polar_express_repo_71cc_steps5:steps=2:current_plus_eps:unrepaired,polar_express_repo_71cc_steps5,2,current_plus_eps,unrepaired,0.0001,0.9,1,0.04481404746557166,0.05339311987371051,0.037613438866218936,0.06361454523915885,False,False,0.07607112853777302,2
polar_express_repo_71cc_steps5:steps=2:current_plus_eps:unrepaired,polar_express_repo_71cc_steps5,2,current_plus_eps,unrepaired,0.0001,1.0,0,,,,,False,False,0.0,0
polar_express_repo_71cc_steps5:steps=2:current_plus_eps:unrepaired,polar_express_repo_71cc_steps5,2,current_plus_eps,unrepaired,1e-05,0.75,1,0.01866631227985865,0.05339311987371051,0.015667056101897645,0.06361454523915885,False,False,0.4564267712266385,7
polar_express_repo_71cc_steps5:steps=2:current_plus_eps:unrepaired,polar_express_repo_71cc_steps5,2,current_plus_eps,unrepaired,1e-05,0.9,1,0.05339311987371051,0.05339311987371051,0.04481404746557166,0.06361454523915885,False,False,0.0,1
polar_express_repo_71cc_steps5:steps=2:current_plus_eps:unrepaired,polar_express_repo_71cc_steps5,2,current_plus_eps,unrepaired,1e-05,1.0,0,,,,,False,False,0.0,0
polar_express_repo_71cc_steps5:steps=2:current_plus_eps:raw_grid_repair_1.02x,polar_express_repo_71cc_steps5,2,current_plus_eps,raw_grid_repair_1.02x,0.001,0.75,1,0.0022814186352993035,0.037613438866218936,0.0019148460186062853,0.04481404746557166,False,False,1.2171380566043695,17
polar_express_repo_71cc_steps5:steps=2:current_plus_eps:raw_grid_repair_1.02x,polar_express_repo_71cc_steps5,2,current_plus_eps,raw_grid_repair_1.02x,0.001,0.9,1,0.0065257698923257895,0.037613438866218936,0.005477225575051662,0.04481404746557166,False,False,0.7607112853777309,11
polar_express_repo_71cc_steps5:steps=2:current_plus_eps:raw_grid_repair_1.02x,polar_express_repo_71cc_steps5,2,current_plus_eps,raw_grid_repair_1.02x,0.001,1.0,1,0.0065257698923257895,0.037613438866218936,0.005477225575051662,0.04481404746557166,False,False,0.7607112853777309,11
polar_express_repo_71cc_steps5:steps=2:current_plus_eps:raw_grid_repair_1.02x,polar_express_repo_71cc_steps5,2,current_plus_eps,raw_grid_repair_1.02x,0.0001,0.75,1,0.0027181668598497987,0.037613438866218936,0.0022814186352993035,0.04481404746557166,False,False,1.1410669280665964,16
polar_express_repo_71cc_steps5:steps=2:current_plus_eps:raw_grid_repair_1.02x,polar_express_repo_71cc_steps5,2,current_plus_eps,raw_grid_repair_1.02x,0.0001,0.9,1,0.007775044519174121,0.037613438866218936,0.0065257698923257895,0.04481404746557166,False,False,0.6846401568399578,10
polar_express_repo_71cc_steps5:steps=2:current_plus_eps:raw_grid_repair_1.02x,polar_express_repo_71cc_steps5,2,current_plus_eps,raw_grid_repair_1.02x,0.0001,1.0,1,0.007775044519174121,0.037613438866218936,0.0065257698923257895,0.04481404746557166,False,False,0.6846401568399578,10
polar_express_repo_71cc_steps5:steps=2:current_plus_eps:raw_grid_repair_1.02x,polar_express_repo_71cc_steps5,2,current_plus_eps,raw_grid_repair_1.02x,1e-05,0.75,1,0.0032385249088738217,0.037613438866218936,0.0027181668598497987,0.04481404746557166,False,False,1.0649957995288233,15
polar_express_repo_71cc_steps5:steps=2:current_plus_eps:raw_grid_repair_1.02x,polar_express_repo_71cc_steps5,2,current_plus_eps,raw_grid_repair_1.02x,1e-05,0.9,1,0.007775044519174121,0.037613438866218936,0.0065257698923257895,0.04481404746557166,False,False,0.6846401568399578,10
polar_express_repo_71cc_steps5:steps=2:current_plus_eps:raw_grid_repair_1.02x,polar_express_repo_71cc_steps5,2,current_plus_eps,raw_grid_repair_1.02x,1e-05,1.0,1,0.00926347668896959,0.037613438866218936,0.007775044519174121,0.04481404746557166,False,False,0.6085690283021847,9
polar_express_repo_71cc_steps5:steps=2:current_plus_eps:gain_matched_grid_repair_1.02x,polar_express_repo_71cc_steps5,2,current_plus_eps,gain_matched_grid_repair_1.02x,0.001,0.75,1,0.0032385249088738217,0.05339311987371051,0.0027181668598497987,0.06361454523915885,False,False,1.2171380566043695,17
polar_express_repo_71cc_steps5:steps=2:current_plus_eps:gain_matched_grid_repair_1.02x,polar_express_repo_71cc_steps5,2,current_plus_eps,gain_matched_grid_repair_1.02x,0.001,0.9,1,0.00926347668896959,0.05339311987371051,0.007775044519174121,0.06361454523915885,False,False,0.7607112853777309,11
polar_express_repo_71cc_steps5:steps=2:current_plus_eps:gain_matched_grid_repair_1.02x,polar_express_repo_71cc_steps5,2,current_plus_eps,gain_matched_grid_repair_1.02x,0.001,1.0,1,0.00926347668896959,0.05339311987371051,0.007775044519174121,0.06361454523915885,False,False,0.7607112853777309,11
polar_express_repo_71cc_steps5:steps=2:current_plus_eps:gain_matched_grid_repair_1.02x,polar_express_repo_71cc_steps5,2,current_plus_eps,gain_matched_grid_repair_1.02x,0.0001,0.75,1,0.003858498806793542,0.05339311987371051,0.0032385249088738217,0.06361454523915885,False,False,1.1410669280665964,16
polar_express_repo_71cc_steps5:steps=2:current_plus_eps:gain_matched_grid_repair_1.02x,polar_express_repo_71cc_steps5,2,current_plus_eps,gain_matched_grid_repair_1.02x,0.0001,0.9,1,0.011036850034165217,0.05339311987371051,0.00926347668896959,0.06361454523915885,False,False,0.6846401568399578,10
polar_express_repo_71cc_steps5:steps=2:current_plus_eps:gain_matched_grid_repair_1.02x,polar_express_repo_71cc_steps5,2,current_plus_eps,gain_matched_grid_repair_1.02x,0.0001,1.0,1,0.011036850034165217,0.05339311987371051,0.00926347668896959,0.06361454523915885,False,False,0.6846401568399578,10
polar_express_repo_71cc_steps5:steps=2:current_plus_eps:gain_matched_grid_repair_1.02x,polar_express_repo_71cc_steps5,2,current_plus_eps,gain_matched_grid_repair_1.02x,1e-05,0.75,1,0.004597158725329799,0.05339311987371051,0.003858498806793542,0.06361454523915885,False,False,1.0649957995288233,15
polar_express_repo_71cc_steps5:steps=2:current_plus_eps:gain_matched_grid_repair_1.02x,polar_express_repo_71cc_steps5,2,current_plus_eps,gain_matched_grid_repair_1.02x,1e-05,0.9,1,0.013149712874184644,0.05339311987371051,0.011036850034165217,0.06361454523915885,False,False,0.6085690283021847,9
polar_express_repo_71cc_steps5:steps=2:current_plus_eps:gain_matched_grid_repair_1.02x,polar_express_repo_71cc_steps5,2,current_plus_eps,gain_matched_grid_repair_1.02x,1e-05,1.0,1,0.013149712874184644,0.05339311987371051,0.011036850034165217,0.06361454523915885,False,False,0.6085690283021847,9
polar_express_repo_71cc_steps5:steps=2:current_plus_eps:gain_only_unrepaired_control,polar_express_repo_71cc_steps5,2,current_plus_eps,gain_only_unrepaired_control,0.001,0.75,1,0.011036850034165217,0.037613438866218936,0.00926347668896959,0.04481404746557166,False,False,0.5324978997644116,8
polar_express_repo_71cc_steps5:steps=2:current_plus_eps:gain_only_unrepaired_control,polar_express_repo_71cc_steps5,2,current_plus_eps,gain_only_unrepaired_control,0.001,0.9,1,0.031569805972774166,0.037613438866218936,0.026497248834477422,0.04481404746557166,False,False,0.07607112853777309,2
polar_express_repo_71cc_steps5:steps=2:current_plus_eps:gain_only_unrepaired_control,polar_express_repo_71cc_steps5,2,current_plus_eps,gain_only_unrepaired_control,0.001,1.0,0,,,,,False,False,0.0,0
polar_express_repo_71cc_steps5:steps=2:current_plus_eps:gain_only_unrepaired_control,polar_express_repo_71cc_steps5,2,current_plus_eps,gain_only_unrepaired_control,0.0001,0.75,1,0.011036850034165217,0.037613438866218936,0.00926347668896959,0.04481404746557166,False,False,0.5324978997644116,8
polar_express_repo_71cc_steps5:steps=2:current_plus_eps:gain_only_unrepaired_control,polar_express_repo_71cc_steps5,2,current_plus_eps,gain_only_unrepaired_control,0.0001,0.9,1,0.031569805972774166,0.037613438866218936,0.026497248834477422,0.04481404746557166,False,False,0.07607112853777309,2
polar_express_repo_71cc_steps5:steps=2:current_plus_eps:gain_only_unrepaired_control,polar_express_repo_71cc_steps5,2,current_plus_eps,gain_only_unrepaired_control,0.0001,1.0,0,,,,,False,False,0.0,0
polar_express_repo_71cc_steps5:steps=2:current_plus_eps:gain_only_unrepaired_control,polar_express_repo_71cc_steps5,2,current_plus_eps,gain_only_unrepaired_control,1e-05,0.75,1,0.011036850034165217,0.037613438866218936,0.00926347668896959,0.04481404746557166,False,False,0.5324978997644116,8
polar_express_repo_71cc_steps5:steps=2:current_plus_eps:gain_only_unrepaired_control,polar_express_repo_71cc_steps5,2,current_plus_eps,gain_only_unrepaired_control,1e-05,0.9,1,0.031569805972774166,0.037613438866218936,0.026497248834477422,0.04481404746557166,False,False,0.07607112853777309,2
polar_express_repo_71cc_steps5:steps=2:current_plus_eps:gain_only_unrepaired_control,polar_express_repo_71cc_steps5,2,current_plus_eps,gain_only_unrepaired_control,1e-05,1.0,0,,,,,False,False,0.0,0
polar_express_repo_71cc_steps5:steps=2:fixed_scale:fixed_scale_control,polar_express_repo_71cc_steps5,2,fixed_scale,fixed_scale_control,0.001,0.75,1,0.01866631227985865,0.05339311987371051,0.015667056101897645,0.06361454523915885,False,False,0.4564267712266385,7
polar_express_repo_71cc_steps5:steps=2:fixed_scale:fixed_scale_control,polar_express_repo_71cc_steps5,2,fixed_scale,fixed_scale_control,0.001,0.9,1,0.05339311987371051,0.05339311987371051,0.04481404746557166,0.06361454523915885,False,False,0.0,1
polar_express_repo_71cc_steps5:steps=2:fixed_scale:fixed_scale_control,polar_express_repo_71cc_steps5,2,fixed_scale,fixed_scale_control,0.001,1.0,0,,,,,False,False,0.0,0
polar_express_repo_71cc_steps5:steps=2:fixed_scale:fixed_scale_control,polar_express_repo_71cc_steps5,2,fixed_scale,fixed_scale_control,0.0001,0.75,1,0.01866631227985865,0.05339311987371051,0.015667056101897645,0.06361454523915885,False,False,0.4564267712266385,7
polar_express_repo_71cc_steps5:steps=2:fixed_scale:fixed_scale_control,polar_express_repo_71cc_steps5,2,fixed_scale,fixed_scale_control,0.0001,0.9,1,0.05339311987371051,0.05339311987371051,0.04481404746557166,0.06361454523915885,False,False,0.0,1
polar_express_repo_71cc_steps5:steps=2:fixed_scale:fixed_scale_control,polar_express_repo_71cc_steps5,2,fixed_scale,fixed_scale_control,0.0001,1.0,0,,,,,False,False,0.0,0
polar_express_repo_71cc_steps5:steps=2:fixed_scale:fixed_scale_control,polar_express_repo_71cc_steps5,2,fixed_scale,fixed_scale_control,1e-05,0.75,1,0.01866631227985865,0.05339311987371051,0.015667056101897645,0.06361454523915885,False,False,0.4564267712266385,7
polar_express_repo_71cc_steps5:steps=2:fixed_scale:fixed_scale_control,polar_express_repo_71cc_steps5,2,fixed_scale,fixed_scale_control,1e-05,0.9,1,0.05339311987371051,0.05339311987371051,0.04481404746557166,0.06361454523915885,False,False,0.0,1
polar_express_repo_71cc_steps5:steps=2:fixed_scale:fixed_scale_control,polar_express_repo_71cc_steps5,2,fixed_scale,fixed_scale_control,1e-05,1.0,0,,,,,False,False,0.0,0
polar_express_repo_71cc_steps5:steps=3:current_plus_eps:unrepaired,polar_express_repo_71cc_steps5,3,current_plus_eps,unrepaired,0.001,0.75,0,,,,,False,False,0.0,0
polar_express_repo_71cc_steps5:steps=3:current_plus_eps:unrepaired,polar_express_repo_71cc_steps5,3,current_plus_eps,unrepaired,0.001,0.9,0,,,,,False,False,0.0,0
polar_express_repo_71cc_steps5:steps=3:current_plus_eps:unrepaired,polar_express_repo_71cc_steps5,3,current_plus_eps,unrepaired,0.001,1.0,0,,,,,False,False,0.0,0
polar_express_repo_71cc_steps5:steps=3:current_plus_eps:unrepaired,polar_express_repo_71cc_steps5,3,current_plus_eps,unrepaired,0.0001,0.75,0,,,,,False,False,0.0,0
polar_express_repo_71cc_steps5:steps=3:current_plus_eps:unrepaired,polar_express_repo_71cc_steps5,3,current_plus_eps,unrepaired,0.0001,0.9,0,,,,,False,False,0.0,0
polar_express_repo_71cc_steps5:steps=3:current_plus_eps:unrepaired,polar_express_repo_71cc_steps5,3,current_plus_eps,unrepaired,0.0001,1.0,0,,,,,False,False,0.0,0
polar_express_repo_71cc_steps5:steps=3:current_plus_eps:unrepaired,polar_express_repo_71cc_steps5,3,current_plus_eps,unrepaired,1e-05,0.75,0,,,,,False,False,0.0,0
polar_express_repo_71cc_steps5:steps=3:current_plus_eps:unrepaired,polar_express_repo_71cc_steps5,3,current_plus_eps,unrepaired,1e-05,0.9,0,,,,,False,False,0.0,0
polar_express_repo_71cc_steps5:steps=3:current_plus_eps:unrepaired,polar_express_repo_71cc_steps5,3,current_plus_eps,unrepaired,1e-05,1.0,0,,,,,False,False,0.0,0
polar_express_repo_71cc_steps5:steps=3:current_plus_eps:raw_grid_repair_1.02x,polar_express_repo_71cc_steps5,3,current_plus_eps,raw_grid_repair_1.02x,0.001,0.75,1,0.0006694329500821696,0.015667056101897645,0.0005618701448980375,0.01866631227985865,False,False,1.3692803136799157,19
polar_express_repo_71cc_steps5:steps=3:current_plus_eps:raw_grid_repair_1.02x,polar_express_repo_71cc_steps5,3,current_plus_eps,raw_grid_repair_1.02x,0.001,0.9,1,0.0019148460186062853,0.011036850034165217,0.0016071733693414447,0.013149712874184644,False,False,0.7607112853777309,11
polar_express_repo_71cc_steps5:steps=3:current_plus_eps:raw_grid_repair_1.02x,polar_express_repo_71cc_steps5,3,current_plus_eps,raw_grid_repair_1.02x,0.001,1.0,1,0.0019148460186062853,0.011036850034165217,0.0016071733693414447,0.013149712874184644,False,False,0.7607112853777309,11
polar_express_repo_71cc_steps5:steps=3:current_plus_eps:raw_grid_repair_1.02x,polar_express_repo_71cc_steps5,3,current_plus_eps,raw_grid_repair_1.02x,0.0001,0.75,1,0.0007975872694518065,0.00926347668896959,0.0006694329500821696,0.011036850034165217,False,False,1.0649957995288233,15
polar_express_repo_71cc_steps5:steps=3:current_plus_eps:raw_grid_repair_1.02x,polar_express_repo_71cc_steps5,3,current_plus_eps,raw_grid_repair_1.02x,0.0001,0.9,1,0.0022814186352993035,0.00926347668896959,0.0019148460186062853,0.011036850034165217,False,False,0.6085690283021847,9
polar_express_repo_71cc_steps5:steps=3:current_plus_eps:raw_grid_repair_1.02x,polar_express_repo_71cc_steps5,3,current_plus_eps,raw_grid_repair_1.02x,0.0001,1.0,1,0.0022814186352993035,0.00926347668896959,0.0019148460186062853,0.011036850034165217,False,False,0.6085690283021847,9
polar_express_repo_71cc_steps5:steps=3:current_plus_eps:raw_grid_repair_1.02x,polar_express_repo_71cc_steps5,3,current_plus_eps,raw_grid_repair_1.02x,1e-05,0.75,1,0.0007975872694518065,0.00926347668896959,0.0006694329500821696,0.011036850034165217,False,False,1.0649957995288233,15
polar_express_repo_71cc_steps5:steps=3:current_plus_eps:raw_grid_repair_1.02x,polar_express_repo_71cc_steps5,3,current_plus_eps,raw_grid_repair_1.02x,1e-05,0.9,1,0.0022814186352993035,0.00926347668896959,0.0019148460186062853,0.011036850034165217,False,False,0.6085690283021847,9
polar_express_repo_71cc_steps5:steps=3:current_plus_eps:raw_grid_repair_1.02x,polar_express_repo_71cc_steps5,3,current_plus_eps,raw_grid_repair_1.02x,1e-05,1.0,1,0.0027181668598497987,0.00926347668896959,0.0022814186352993035,0.011036850034165217,False,False,0.5324978997644116,8
polar_express_repo_71cc_steps5:steps=3:current_plus_eps:gain_matched_grid_repair_1.02x,polar_express_repo_71cc_steps5,3,current_plus_eps,gain_matched_grid_repair_1.02x,0.001,0.75,1,0.0009502750832828064,0.022239737437781862,0.0007975872694518065,0.026497248834477422,False,False,1.3692803136799157,19
polar_express_repo_71cc_steps5:steps=3:current_plus_eps:gain_matched_grid_repair_1.02x,polar_express_repo_71cc_steps5,3,current_plus_eps,gain_matched_grid_repair_1.02x,0.001,0.9,1,0.0027181668598497987,0.01866631227985865,0.0022814186352993035,0.022239737437781862,False,False,0.836782413915504,12
polar_express_repo_71cc_steps5:steps=3:current_plus_eps:gain_matched_grid_repair_1.02x,polar_express_repo_71cc_steps5,3,current_plus_eps,gain_matched_grid_repair_1.02x,0.001,1.0,1,0.0032385249088738217,0.01866631227985865,0.0027181668598497987,0.022239737437781862,False,False,0.760711285377731,11
polar_express_repo_71cc_steps5:steps=3:current_plus_eps:gain_matched_grid_repair_1.02x,polar_express_repo_71cc_steps5,3,current_plus_eps,gain_matched_grid_repair_1.02x,0.0001,0.75,1,0.0011321930132219959,0.015667056101897645,0.0009502750832828064,0.01866631227985865,False,False,1.1410669280665964,16
polar_express_repo_71cc_steps5:steps=3:current_plus_eps:gain_matched_grid_repair_1.02x,polar_express_repo_71cc_steps5,3,current_plus_eps,gain_matched_grid_repair_1.02x,0.0001,0.9,1,0.0032385249088738217,0.013149712874184644,0.0027181668598497987,0.015667056101897645,False,False,0.6085690283021847,9
polar_express_repo_71cc_steps5:steps=3:current_plus_eps:gain_matched_grid_repair_1.02x,polar_express_repo_71cc_steps5,3,current_plus_eps,gain_matched_grid_repair_1.02x,0.0001,1.0,1,0.003858498806793542,0.013149712874184644,0.0032385249088738217,0.015667056101897645,False,False,0.5324978997644116,8
polar_express_repo_71cc_steps5:steps=3:current_plus_eps:gain_matched_grid_repair_1.02x,polar_express_repo_71cc_steps5,3,current_plus_eps,gain_matched_grid_repair_1.02x,1e-05,0.75,1,0.0013489367886616623,0.013149712874184644,0.0011321930132219959,0.015667056101897645,False,False,0.9889246709910502,14
polar_express_repo_71cc_steps5:steps=3:current_plus_eps:gain_matched_grid_repair_1.02x,polar_express_repo_71cc_steps5,3,current_plus_eps,gain_matched_grid_repair_1.02x,1e-05,0.9,1,0.003858498806793542,0.013149712874184644,0.0032385249088738217,0.015667056101897645,False,False,0.5324978997644116,8
polar_express_repo_71cc_steps5:steps=3:current_plus_eps:gain_matched_grid_repair_1.02x,polar_express_repo_71cc_steps5,3,current_plus_eps,gain_matched_grid_repair_1.02x,1e-05,1.0,1,0.003858498806793542,0.013149712874184644,0.0032385249088738217,0.015667056101897645,False,False,0.5324978997644116,8
polar_express_repo_71cc_steps5:steps=3:current_plus_eps:gain_only_unrepaired_control,polar_express_repo_71cc_steps5,3,current_plus_eps,gain_only_unrepaired_control,0.001,0.75,0,,,,,False,False,0.0,0
polar_express_repo_71cc_steps5:steps=3:current_plus_eps:gain_only_unrepaired_control,polar_express_repo_71cc_steps5,3,current_plus_eps,gain_only_unrepaired_control,0.001,0.9,0,,,,,False,False,0.0,0
polar_express_repo_71cc_steps5:steps=3:current_plus_eps:gain_only_unrepaired_control,polar_express_repo_71cc_steps5,3,current_plus_eps,gain_only_unrepaired_control,0.001,1.0,0,,,,,False,False,0.0,0
polar_express_repo_71cc_steps5:steps=3:current_plus_eps:gain_only_unrepaired_control,polar_express_repo_71cc_steps5,3,current_plus_eps,gain_only_unrepaired_control,0.0001,0.75,0,,,,,False,False,0.0,0
polar_express_repo_71cc_steps5:steps=3:current_plus_eps:gain_only_unrepaired_control,polar_express_repo_71cc_steps5,3,current_plus_eps,gain_only_unrepaired_control,0.0001,0.9,0,,,,,False,False,0.0,0
polar_express_repo_71cc_steps5:steps=3:current_plus_eps:gain_only_unrepaired_control,polar_express_repo_71cc_steps5,3,current_plus_eps,gain_only_unrepaired_control,0.0001,1.0,0,,,,,False,False,0.0,0
polar_express_repo_71cc_steps5:steps=3:current_plus_eps:gain_only_unrepaired_control,polar_express_repo_71cc_steps5,3,current_plus_eps,gain_only_unrepaired_control,1e-05,0.75,0,,,,,False,False,0.0,0
polar_express_repo_71cc_steps5:steps=3:current_plus_eps:gain_only_unrepaired_control,polar_express_repo_71cc_steps5,3,current_plus_eps,gain_only_unrepaired_control,1e-05,0.9,0,,,,,False,False,0.0,0
polar_express_repo_71cc_steps5:steps=3:current_plus_eps:gain_only_unrepaired_control,polar_express_repo_71cc_steps5,3,current_plus_eps,gain_only_unrepaired_control,1e-05,1.0,0,,,,,False,False,0.0,0
polar_express_repo_71cc_steps5:steps=3:fixed_scale:fixed_scale_control,polar_express_repo_71cc_steps5,3,fixed_scale,fixed_scale_control,0.001,0.75,1,0.022239737437781862,0.022239737437781862,0.01866631227985865,0.026497248834477422,False,False,0.0,1
polar_express_repo_71cc_steps5:steps=3:fixed_scale:fixed_scale_control,polar_express_repo_71cc_steps5,3,fixed_scale,fixed_scale_control,0.001,0.9,0,,,,,False,False,0.0,0
polar_express_repo_71cc_steps5:steps=3:fixed_scale:fixed_scale_control,polar_express_repo_71cc_steps5,3,fixed_scale,fixed_scale_control,0.001,1.0,0,,,,,False,False,0.0,0
polar_express_repo_71cc_steps5:steps=3:fixed_scale:fixed_scale_control,polar_express_repo_71cc_steps5,3,fixed_scale,fixed_scale_control,0.0001,0.75,0,,,,,False,False,0.0,0
polar_express_repo_71cc_steps5:steps=3:fixed_scale:fixed_scale_control,polar_express_repo_71cc_steps5,3,fixed_scale,fixed_scale_control,0.0001,0.9,0,,,,,False,False,0.0,0
polar_express_repo_71cc_steps5:steps=3:fixed_scale:fixed_scale_control,polar_express_repo_71cc_steps5,3,fixed_scale,fixed_scale_control,0.0001,1.0,0,,,,,False,False,0.0,0
polar_express_repo_71cc_steps5:steps=3:fixed_scale:fixed_scale_control,polar_express_repo_71cc_steps5,3,fixed_scale,fixed_scale_control,1e-05,0.75,0,,,,,False,False,0.0,0
polar_express_repo_71cc_steps5:steps=3:fixed_scale:fixed_scale_control,polar_express_repo_71cc_steps5,3,fixed_scale,fixed_scale_control,1e-05,0.9,0,,,,,False,False,0.0,0
polar_express_repo_71cc_steps5:steps=3:fixed_scale:fixed_scale_control,polar_express_repo_71cc_steps5,3,fixed_scale,fixed_scale_control,1e-05,1.0,0,,,,,False,False,0.0,0
polar_express_repo_71cc_steps5:steps=4:current_plus_eps:unrepaired,polar_express_repo_71cc_steps5,4,current_plus_eps,unrepaired,0.001,0.75,1,0.015667056101897645,0.015667056101897645,0.013149712874184644,0.01866631227985865,False,False,0.0,1
polar_express_repo_71cc_steps5:steps=4:current_plus_eps:unrepaired,polar_express_repo_71cc_steps5,4,current_plus_eps,unrepaired,0.001,0.9,0,,,,,False,False,0.0,0
polar_express_repo_71cc_steps5:steps=4:current_plus_eps:unrepaired,polar_express_repo_71cc_steps5,4,current_plus_eps,unrepaired,0.001,1.0,0,,,,,False,False,0.0,0
polar_express_repo_71cc_steps5:steps=4:current_plus_eps:unrepaired,polar_express_repo_71cc_steps5,4,current_plus_eps,unrepaired,0.0001,0.75,0,,,,,False,False,0.0,0
polar_express_repo_71cc_steps5:steps=4:current_plus_eps:unrepaired,polar_express_repo_71cc_steps5,4,current_plus_eps,unrepaired,0.0001,0.9,0,,,,,False,False,0.0,0
polar_express_repo_71cc_steps5:steps=4:current_plus_eps:unrepaired,polar_express_repo_71cc_steps5,4,current_plus_eps,unrepaired,0.0001,1.0,0,,,,,False,False,0.0,0
polar_express_repo_71cc_steps5:steps=4:current_plus_eps:unrepaired,polar_express_repo_71cc_steps5,4,current_plus_eps,unrepaired,1e-05,0.75,0,,,,,False,False,0.0,0
polar_express_repo_71cc_steps5:steps=4:current_plus_eps:unrepaired,polar_express_repo_71cc_steps5,4,current_plus_eps,unrepaired,1e-05,0.9,0,,,,,False,False,0.0,0
polar_express_repo_71cc_steps5:steps=4:current_plus_eps:unrepaired,polar_express_repo_71cc_steps5,4,current_plus_eps,unrepaired,1e-05,1.0,0,,,,,False,False,0.0,0
polar_express_repo_71cc_steps5:steps=4:current_plus_eps:raw_grid_repair_1.02x,polar_express_repo_71cc_steps5,4,current_plus_eps,raw_grid_repair_1.02x,0.001,0.75,1,0.0002340347319320716,0.007775044519174121,0.0001964306189674497,0.00926347668896959,False,False,1.5214225707554618,21
polar_express_repo_71cc_steps5:steps=4:current_plus_eps:raw_grid_repair_1.02x,polar_express_repo_71cc_steps5,4,current_plus_eps,raw_grid_repair_1.02x,0.001,0.9,1,0.0006694329500821696,0.0065257698923257895,0.0005618701448980375,0.007775044519174121,False,False,0.9889246709910502,14
polar_express_repo_71cc_steps5:steps=4:current_plus_eps:raw_grid_repair_1.02x,polar_express_repo_71cc_steps5,4,current_plus_eps,raw_grid_repair_1.02x,0.001,1.0,1,0.0006694329500821696,0.0065257698923257895,0.0005618701448980375,0.007775044519174121,False,False,0.9889246709910502,14
polar_express_repo_71cc_steps5:steps=4:current_plus_eps:raw_grid_repair_1.02x,polar_express_repo_71cc_steps5,4,current_plus_eps,raw_grid_repair_1.02x,0.0001,0.75,1,0.0003322175497195357,0.0065257698923257895,0.0002788376681722561,0.007775044519174121,False,False,1.2932091851421426,18
polar_express_repo_71cc_steps5:steps=4:current_plus_eps:raw_grid_repair_1.02x,polar_express_repo_71cc_steps5,4,current_plus_eps,raw_grid_repair_1.02x,0.0001,0.9,1,0.0009502750832828064,0.004597158725329799,0.0007975872694518065,0.005477225575051662,False,False,0.6846401568399577,10
polar_express_repo_71cc_steps5:steps=4:current_plus_eps:raw_grid_repair_1.02x,polar_express_repo_71cc_steps5,4,current_plus_eps,raw_grid_repair_1.02x,0.0001,1.0,1,0.0009502750832828064,0.004597158725329799,0.0007975872694518065,0.005477225575051662,False,False,0.6846401568399577,10
polar_express_repo_71cc_steps5:steps=4:current_plus_eps:raw_grid_repair_1.02x,polar_express_repo_71cc_steps5,4,current_plus_eps,raw_grid_repair_1.02x,1e-05,0.75,1,0.0003322175497195357,0.0032385249088738217,0.0002788376681722561,0.003858498806793542,False,False,0.9889246709910502,14
polar_express_repo_71cc_steps5:steps=4:current_plus_eps:raw_grid_repair_1.02x,polar_express_repo_71cc_steps5,4,current_plus_eps,raw_grid_repair_1.02x,1e-05,0.9,1,0.0009502750832828064,0.0027181668598497987,0.0007975872694518065,0.0032385249088738217,False,False,0.45642677122663855,7
polar_express_repo_71cc_steps5:steps=4:current_plus_eps:raw_grid_repair_1.02x,polar_express_repo_71cc_steps5,4,current_plus_eps,raw_grid_repair_1.02x,1e-05,1.0,1,0.0011321930132219959,0.0027181668598497987,0.0009502750832828064,0.0032385249088738217,False,False,0.38035564268886546,6
polar_express_repo_71cc_steps5:steps=4:current_plus_eps:gain_matched_grid_repair_1.02x,polar_express_repo_71cc_steps5,4,current_plus_eps,gain_matched_grid_repair_1.02x,0.001,0.75,1,0.0003322175497195357,0.011036850034165217,0.0002788376681722561,0.013149712874184644,False,False,1.5214225707554618,21
polar_express_repo_71cc_steps5:steps=4:current_plus_eps:gain_matched_grid_repair_1.02x,polar_express_repo_71cc_steps5,4,current_plus_eps,gain_matched_grid_repair_1.02x,0.001,0.9,1,0.0011321930132219959,0.00926347668896959,0.0009502750832828064,0.011036850034165217,False,False,0.9128535424532772,13
polar_express_repo_71cc_steps5:steps=4:current_plus_eps:gain_matched_grid_repair_1.02x,polar_express_repo_71cc_steps5,4,current_plus_eps,gain_matched_grid_repair_1.02x,0.001,1.0,1,0.0011321930132219959,0.00926347668896959,0.0009502750832828064,0.011036850034165217,False,False,0.9128535424532772,13
polar_express_repo_71cc_steps5:steps=4:current_plus_eps:gain_matched_grid_repair_1.02x,polar_express_repo_71cc_steps5,4,current_plus_eps,gain_matched_grid_repair_1.02x,0.0001,0.75,1,0.0004715902611142629,0.00926347668896959,0.0003958163223251114,0.011036850034165217,False,False,1.2932091851421426,18
polar_express_repo_71cc_steps5:steps=4:current_plus_eps:gain_matched_grid_repair_1.02x,polar_express_repo_71cc_steps5,4,current_plus_eps,gain_matched_grid_repair_1.02x,0.0001,0.9,1,0.0013489367886616623,0.0065257698923257895,0.0011321930132219959,0.007775044519174121,False,False,0.6846401568399578,10
polar_express_repo_71cc_steps5:steps=4:current_plus_eps:gain_matched_grid_repair_1.02x,polar_express_repo_71cc_steps5,4,current_plus_eps,gain_matched_grid_repair_1.02x,0.0001,1.0,1,0.0013489367886616623,0.0065257698923257895,0.0011321930132219959,0.007775044519174121,False,False,0.6846401568399578,10
polar_express_repo_71cc_steps5:steps=4:current_plus_eps:gain_matched_grid_repair_1.02x,polar_express_repo_71cc_steps5,4,current_plus_eps,gain_matched_grid_repair_1.02x,1e-05,0.75,1,0.0005618701448980375,0.004597158725329799,0.0004715902611142629,0.005477225575051662,False,False,0.9128535424532771,13
polar_express_repo_71cc_steps5:steps=4:current_plus_eps:gain_matched_grid_repair_1.02x,polar_express_repo_71cc_steps5,4,current_plus_eps,gain_matched_grid_repair_1.02x,1e-05,0.9,1,0.0016071733693414447,0.004597158725329799,0.0013489367886616623,0.005477225575051662,False,False,0.45642677122663855,7
polar_express_repo_71cc_steps5:steps=4:current_plus_eps:gain_matched_grid_repair_1.02x,polar_express_repo_71cc_steps5,4,current_plus_eps,gain_matched_grid_repair_1.02x,1e-05,1.0,1,0.0016071733693414447,0.004597158725329799,0.0013489367886616623,0.005477225575051662,False,False,0.45642677122663855,7
polar_express_repo_71cc_steps5:steps=4:current_plus_eps:gain_only_unrepaired_control,polar_express_repo_71cc_steps5,4,current_plus_eps,gain_only_unrepaired_control,0.001,0.75,2,0.00926347668896959,0.011036850034165217,0.007775044519174121,0.013149712874184644,False,False,0.07607112853777309,2
polar_express_repo_71cc_steps5:steps=4:current_plus_eps:gain_only_unrepaired_control,polar_express_repo_71cc_steps5,4,current_plus_eps,gain_only_unrepaired_control,0.001,0.9,0,,,,,False,False,0.0,0
polar_express_repo_71cc_steps5:steps=4:current_plus_eps:gain_only_unrepaired_control,polar_express_repo_71cc_steps5,4,current_plus_eps,gain_only_unrepaired_control,0.001,1.0,0,,,,,False,False,0.0,0
polar_express_repo_71cc_steps5:steps=4:current_plus_eps:gain_only_unrepaired_control,polar_express_repo_71cc_steps5,4,current_plus_eps,gain_only_unrepaired_control,0.0001,0.75,0,,,,,False,False,0.0,0
polar_express_repo_71cc_steps5:steps=4:current_plus_eps:gain_only_unrepaired_control,polar_express_repo_71cc_steps5,4,current_plus_eps,gain_only_unrepaired_control,0.0001,0.9,0,,,,,False,False,0.0,0
polar_express_repo_71cc_steps5:steps=4:current_plus_eps:gain_only_unrepaired_control,polar_express_repo_71cc_steps5,4,current_plus_eps,gain_only_unrepaired_control,0.0001,1.0,0,,,,,False,False,0.0,0
polar_express_repo_71cc_steps5:steps=4:current_plus_eps:gain_only_unrepaired_control,polar_express_repo_71cc_steps5,4,current_plus_eps,gain_only_unrepaired_control,1e-05,0.75,0,,,,,False,False,0.0,0
polar_express_repo_71cc_steps5:steps=4:current_plus_eps:gain_only_unrepaired_control,polar_express_repo_71cc_steps5,4,current_plus_eps,gain_only_unrepaired_control,1e-05,0.9,0,,,,,False,False,0.0,0
polar_express_repo_71cc_steps5:steps=4:current_plus_eps:gain_only_unrepaired_control,polar_express_repo_71cc_steps5,4,current_plus_eps,gain_only_unrepaired_control,1e-05,1.0,0,,,,,False,False,0.0,0
polar_express_repo_71cc_steps5:steps=4:fixed_scale:fixed_scale_control,polar_express_repo_71cc_steps5,4,fixed_scale,fixed_scale_control,0.001,0.75,1,0.015667056101897645,0.01866631227985865,0.013149712874184644,0.022239737437781862,False,False,0.07607112853777309,2
polar_express_repo_71cc_steps5:steps=4:fixed_scale:fixed_scale_control,polar_express_repo_71cc_steps5,4,fixed_scale,fixed_scale_control,0.001,0.9,0,,,,,False,False,0.0,0
polar_express_repo_71cc_steps5:steps=4:fixed_scale:fixed_scale_control,polar_express_repo_71cc_steps5,4,fixed_scale,fixed_scale_control,0.001,1.0,0,,,,,False,False,0.0,0
polar_express_repo_71cc_steps5:steps=4:fixed_scale:fixed_scale_control,polar_express_repo_71cc_steps5,4,fixed_scale,fixed_scale_control,0.0001,0.75,0,,,,,False,False,0.0,0
polar_express_repo_71cc_steps5:steps=4:fixed_scale:fixed_scale_control,polar_express_repo_71cc_steps5,4,fixed_scale,fixed_scale_control,0.0001,0.9,0,,,,,False,False,0.0,0
polar_express_repo_71cc_steps5:steps=4:fixed_scale:fixed_scale_control,polar_express_repo_71cc_steps5,4,fixed_scale,fixed_scale_control,0.0001,1.0,0,,,,,False,False,0.0,0
polar_express_repo_71cc_steps5:steps=4:fixed_scale:fixed_scale_control,polar_express_repo_71cc_steps5,4,fixed_scale,fixed_scale_control,1e-05,0.75,0,,,,,False,False,0.0,0
polar_express_repo_71cc_steps5:steps=4:fixed_scale:fixed_scale_control,polar_express_repo_71cc_steps5,4,fixed_scale,fixed_scale_control,1e-05,0.9,0,,,,,False,False,0.0,0
polar_express_repo_71cc_steps5:steps=4:fixed_scale:fixed_scale_control,polar_express_repo_71cc_steps5,4,fixed_scale,fixed_scale_control,1e-05,1.0,0,,,,,False,False,0.0,0
polar_express_repo_71cc_steps5:steps=5:current_plus_eps:unrepaired,polar_express_repo_71cc_steps5,5,current_plus_eps,unrepaired,0.001,0.75,1,0.011036850034165217,0.05339311987371051,0.00926347668896959,0.06361454523915885,False,False,0.6846401568399578,10
polar_express_repo_71cc_steps5:steps=5:current_plus_eps:unrepaired,polar_express_repo_71cc_steps5,5,current_plus_eps,unrepaired,0.001,0.9,1,0.031569805972774166,0.04481404746557166,0.026497248834477422,0.05339311987371051,False,False,0.1521422570755462,3
polar_express_repo_71cc_steps5:steps=5:current_plus_eps:unrepaired,polar_express_repo_71cc_steps5,5,current_plus_eps,unrepaired,0.001,1.0,0,,,,,False,False,0.0,0
polar_express_repo_71cc_steps5:steps=5:current_plus_eps:unrepaired,polar_express_repo_71cc_steps5,5,current_plus_eps,unrepaired,0.0001,0.75,0,,,,,False,False,0.0,0
polar_express_repo_71cc_steps5:steps=5:current_plus_eps:unrepaired,polar_express_repo_71cc_steps5,5,current_plus_eps,unrepaired,0.0001,0.9,0,,,,,False,False,0.0,0
polar_express_repo_71cc_steps5:steps=5:current_plus_eps:unrepaired,polar_express_repo_71cc_steps5,5,current_plus_eps,unrepaired,0.0001,1.0,0,,,,,False,False,0.0,0
polar_express_repo_71cc_steps5:steps=5:current_plus_eps:unrepaired,polar_express_repo_71cc_steps5,5,current_plus_eps,unrepaired,1e-05,0.75,0,,,,,False,False,0.0,0
polar_express_repo_71cc_steps5:steps=5:current_plus_eps:unrepaired,polar_express_repo_71cc_steps5,5,current_plus_eps,unrepaired,1e-05,0.9,0,,,,,False,False,0.0,0
polar_express_repo_71cc_steps5:steps=5:current_plus_eps:unrepaired,polar_express_repo_71cc_steps5,5,current_plus_eps,unrepaired,1e-05,1.0,0,,,,,False,False,0.0,0
polar_express_repo_71cc_steps5:steps=5:current_plus_eps:raw_grid_repair_1.02x,polar_express_repo_71cc_steps5,5,current_plus_eps,raw_grid_repair_1.02x,0.001,0.75,1,0.0002340347319320716,0.007775044519174121,0.0001964306189674497,0.00926347668896959,False,False,1.5214225707554618,21
polar_express_repo_71cc_steps5:steps=5:current_plus_eps:raw_grid_repair_1.02x,polar_express_repo_71cc_steps5,5,current_plus_eps,raw_grid_repair_1.02x,0.001,0.9,1,0.0006694329500821696,0.0065257698923257895,0.0005618701448980375,0.007775044519174121,False,False,0.9889246709910502,14
polar_express_repo_71cc_steps5:steps=5:current_plus_eps:raw_grid_repair_1.02x,polar_express_repo_71cc_steps5,5,current_plus_eps,raw_grid_repair_1.02x,0.001,1.0,1,0.0006694329500821696,0.0065257698923257895,0.0005618701448980375,0.007775044519174121,False,False,0.9889246709910502,14
polar_express_repo_71cc_steps5:steps=5:current_plus_eps:raw_grid_repair_1.02x,polar_express_repo_71cc_steps5,5,current_plus_eps,raw_grid_repair_1.02x,0.0001,0.75,1,0.0002788376681722561,0.005477225575051662,0.0002340347319320716,0.0065257698923257895,False,False,1.2932091851421426,18
polar_express_repo_71cc_steps5:steps=5:current_plus_eps:raw_grid_repair_1.02x,polar_express_repo_71cc_steps5,5,current_plus_eps,raw_grid_repair_1.02x,0.0001,0.9,1,0.0007975872694518065,0.005477225575051662,0.0006694329500821696,0.0065257698923257895,False,False,0.836782413915504,12
polar_express_repo_71cc_steps5:steps=5:current_plus_eps:raw_grid_repair_1.02x,polar_express_repo_71cc_steps5,5,current_plus_eps,raw_grid_repair_1.02x,0.0001,1.0,1,0.0009502750832828064,0.005477225575051662,0.0007975872694518065,0.0065257698923257895,False,False,0.7607112853777309,11
polar_express_repo_71cc_steps5:steps=5:current_plus_eps:raw_grid_repair_1.02x,polar_express_repo_71cc_steps5,5,current_plus_eps,raw_grid_repair_1.02x,1e-05,0.75,1,0.0003322175497195357,0.003858498806793542,0.0002788376681722561,0.004597158725329799,False,False,1.0649957995288233,15
polar_express_repo_71cc_steps5:steps=5:current_plus_eps:raw_grid_repair_1.02x,polar_express_repo_71cc_steps5,5,current_plus_eps,raw_grid_repair_1.02x,1e-05,0.9,1,0.0009502750832828064,0.0027181668598497987,0.0007975872694518065,0.0032385249088738217,False,False,0.45642677122663855,7
polar_express_repo_71cc_steps5:steps=5:current_plus_eps:raw_grid_repair_1.02x,polar_express_repo_71cc_steps5,5,current_plus_eps,raw_grid_repair_1.02x,1e-05,1.0,1,0.0009502750832828064,0.0027181668598497987,0.0007975872694518065,0.0032385249088738217,False,False,0.45642677122663855,7
polar_express_repo_71cc_steps5:steps=5:current_plus_eps:gain_matched_grid_repair_1.02x,polar_express_repo_71cc_steps5,5,current_plus_eps,gain_matched_grid_repair_1.02x,0.001,0.75,1,0.0002788376681722561,0.00926347668896959,0.0002340347319320716,0.011036850034165217,False,False,1.5214225707554618,21
polar_express_repo_71cc_steps5:steps=5:current_plus_eps:gain_matched_grid_repair_1.02x,polar_express_repo_71cc_steps5,5,current_plus_eps,gain_matched_grid_repair_1.02x,0.001,0.9,1,0.0007975872694518065,0.00926347668896959,0.0006694329500821696,0.011036850034165217,False,False,1.0649957995288233,15
polar_express_repo_71cc_steps5:steps=5:current_plus_eps:gain_matched_grid_repair_1.02x,polar_express_repo_71cc_steps5,5,current_plus_eps,gain_matched_grid_repair_1.02x,0.001,1.0,1,0.0007975872694518065,0.00926347668896959,0.0006694329500821696,0.011036850034165217,False,False,1.0649957995288233,15
polar_express_repo_71cc_steps5:steps=5:current_plus_eps:gain_matched_grid_repair_1.02x,polar_express_repo_71cc_steps5,5,current_plus_eps,gain_matched_grid_repair_1.02x,0.0001,0.75,1,0.0003322175497195357,0.0065257698923257895,0.0002788376681722561,0.007775044519174121,False,False,1.2932091851421426,18
polar_express_repo_71cc_steps5:steps=5:current_plus_eps:gain_matched_grid_repair_1.02x,polar_express_repo_71cc_steps5,5,current_plus_eps,gain_matched_grid_repair_1.02x,0.0001,0.9,1,0.0011321930132219959,0.0065257698923257895,0.0009502750832828064,0.007775044519174121,False,False,0.7607112853777309,11
polar_express_repo_71cc_steps5:steps=5:current_plus_eps:gain_matched_grid_repair_1.02x,polar_express_repo_71cc_steps5,5,current_plus_eps,gain_matched_grid_repair_1.02x,0.0001,1.0,1,0.0011321930132219959,0.0065257698923257895,0.0009502750832828064,0.007775044519174121,False,False,0.7607112853777309,11
polar_express_repo_71cc_steps5:steps=5:current_plus_eps:gain_matched_grid_repair_1.02x,polar_express_repo_71cc_steps5,5,current_plus_eps,gain_matched_grid_repair_1.02x,1e-05,0.75,1,0.0003958163223251114,0.004597158725329799,0.0003322175497195357,0.005477225575051662,False,False,1.0649957995288233,15
polar_express_repo_71cc_steps5:steps=5:current_plus_eps:gain_matched_grid_repair_1.02x,polar_express_repo_71cc_steps5,5,current_plus_eps,gain_matched_grid_repair_1.02x,1e-05,0.9,1,0.0011321930132219959,0.0032385249088738217,0.0009502750832828064,0.003858498806793542,False,False,0.45642677122663855,7
polar_express_repo_71cc_steps5:steps=5:current_plus_eps:gain_matched_grid_repair_1.02x,polar_express_repo_71cc_steps5,5,current_plus_eps,gain_matched_grid_repair_1.02x,1e-05,1.0,1,0.0013489367886616623,0.0032385249088738217,0.0011321930132219959,0.003858498806793542,False,False,0.38035564268886546,6
polar_express_repo_71cc_steps5:steps=5:current_plus_eps:gain_only_unrepaired_control,polar_express_repo_71cc_steps5,5,current_plus_eps,gain_only_unrepaired_control,0.001,0.75,1,0.00926347668896959,0.031569805972774166,0.007775044519174121,0.037613438866218936,False,False,0.5324978997644116,8
polar_express_repo_71cc_steps5:steps=5:current_plus_eps:gain_only_unrepaired_control,polar_express_repo_71cc_steps5,5,current_plus_eps,gain_only_unrepaired_control,0.001,0.9,0,,,,,False,False,0.0,0
polar_express_repo_71cc_steps5:steps=5:current_plus_eps:gain_only_unrepaired_control,polar_express_repo_71cc_steps5,5,current_plus_eps,gain_only_unrepaired_control,0.001,1.0,0,,,,,False,False,0.0,0
polar_express_repo_71cc_steps5:steps=5:current_plus_eps:gain_only_unrepaired_control,polar_express_repo_71cc_steps5,5,current_plus_eps,gain_only_unrepaired_control,0.0001,0.75,0,,,,,False,False,0.0,0
polar_express_repo_71cc_steps5:steps=5:current_plus_eps:gain_only_unrepaired_control,polar_express_repo_71cc_steps5,5,current_plus_eps,gain_only_unrepaired_control,0.0001,0.9,0,,,,,False,False,0.0,0
polar_express_repo_71cc_steps5:steps=5:current_plus_eps:gain_only_unrepaired_control,polar_express_repo_71cc_steps5,5,current_plus_eps,gain_only_unrepaired_control,0.0001,1.0,0,,,,,False,False,0.0,0
polar_express_repo_71cc_steps5:steps=5:current_plus_eps:gain_only_unrepaired_control,polar_express_repo_71cc_steps5,5,current_plus_eps,gain_only_unrepaired_control,1e-05,0.75,0,,,,,False,False,0.0,0
polar_express_repo_71cc_steps5:steps=5:current_plus_eps:gain_only_unrepaired_control,polar_express_repo_71cc_steps5,5,current_plus_eps,gain_only_unrepaired_control,1e-05,0.9,0,,,,,False,False,0.0,0
polar_express_repo_71cc_steps5:steps=5:current_plus_eps:gain_only_unrepaired_control,polar_express_repo_71cc_steps5,5,current_plus_eps,gain_only_unrepaired_control,1e-05,1.0,0,,,,,False,False,0.0,0
polar_express_repo_71cc_steps5:steps=5:fixed_scale:fixed_scale_control,polar_express_repo_71cc_steps5,5,fixed_scale,fixed_scale_control,0.001,0.75,1,0.011036850034165217,0.037613438866218936,0.00926347668896959,0.04481404746557166,False,False,0.5324978997644116,8
polar_express_repo_71cc_steps5:steps=5:fixed_scale:fixed_scale_control,polar_express_repo_71cc_steps5,5,fixed_scale,fixed_scale_control,0.001,0.9,1,0.031569805972774166,0.031569805972774166,0.026497248834477422,0.037613438866218936,False,False,0.0,1
polar_express_repo_71cc_steps5:steps=5:fixed_scale:fixed_scale_control,polar_express_repo_71cc_steps5,5,fixed_scale,fixed_scale_control,0.001,1.0,0,,,,,False,False,0.0,0
polar_express_repo_71cc_steps5:steps=5:fixed_scale:fixed_scale_control,polar_express_repo_71cc_steps5,5,fixed_scale,fixed_scale_control,0.0001,0.75,0,,,,,False,False,0.0,0
polar_express_repo_71cc_steps5:steps=5:fixed_scale:fixed_scale_control,polar_express_repo_71cc_steps5,5,fixed_scale,fixed_scale_control,0.0001,0.9,0,,,,,False,False,0.0,0
polar_express_repo_71cc_steps5:steps=5:fixed_scale:fixed_scale_control,polar_express_repo_71cc_steps5,5,fixed_scale,fixed_scale_control,0.0001,1.0,0,,,,,False,False,0.0,0
polar_express_repo_71cc_steps5:steps=5:fixed_scale:fixed_scale_control,polar_express_repo_71cc_steps5,5,fixed_scale,fixed_scale_control,1e-05,0.75,0,,,,,False,False,0.0,0
polar_express_repo_71cc_steps5:steps=5:fixed_scale:fixed_scale_control,polar_express_repo_71cc_steps5,5,fixed_scale,fixed_scale_control,1e-05,0.9,0,,,,,False,False,0.0,0
polar_express_repo_71cc_steps5:steps=5:fixed_scale:fixed_scale_control,polar_express_repo_71cc_steps5,5,fixed_scale,fixed_scale_control,1e-05,1.0,0,,,,,False,False,0.0,0
cans_degree5_iter4_delta0.3:steps=1:current_plus_eps:unrepaired,cans_degree5_iter4_delta0.3,1,current_plus_eps,unrepaired,0.001,0.75,1,0.011036850034165217,0.2167975283661992,0.00926347668896959,0.2583006239120332,False,False,1.2932091851421426,18
cans_degree5_iter4_delta0.3:steps=1:current_plus_eps:unrepaired,cans_degree5_iter4_delta0.3,1,current_plus_eps,unrepaired,0.001,0.9,1,0.026497248834477422,0.2167975283661992,0.022239737437781862,0.2583006239120332,False,False,0.9128535424532771,13
cans_degree5_iter4_delta0.3:steps=1:current_plus_eps:unrepaired,cans_degree5_iter4_delta0.3,1,current_plus_eps,unrepaired,0.001,1.0,1,0.031569805972774166,0.2167975283661992,0.026497248834477422,0.2583006239120332,False,False,0.836782413915504,12
cans_degree5_iter4_delta0.3:steps=1:current_plus_eps:unrepaired,cans_degree5_iter4_delta0.3,1,current_plus_eps,unrepaired,0.0001,0.75,1,0.013149712874184644,0.2167975283661992,0.011036850034165217,0.2583006239120332,False,False,1.2171380566043695,17
cans_degree5_iter4_delta0.3:steps=1:current_plus_eps:unrepaired,cans_degree5_iter4_delta0.3,1,current_plus_eps,unrepaired,0.0001,0.9,1,0.031569805972774166,0.2167975283661992,0.026497248834477422,0.2583006239120332,False,False,0.836782413915504,12
cans_degree5_iter4_delta0.3:steps=1:current_plus_eps:unrepaired,cans_degree5_iter4_delta0.3,1,current_plus_eps,unrepaired,0.0001,1.0,1,0.037613438866218936,0.2167975283661992,0.031569805972774166,0.2583006239120332,False,False,0.7607112853777309,11
cans_degree5_iter4_delta0.3:steps=1:current_plus_eps:unrepaired,cans_degree5_iter4_delta0.3,1,current_plus_eps,unrepaired,1e-05,0.75,1,0.015667056101897645,0.2167975283661992,0.013149712874184644,0.2583006239120332,False,False,1.1410669280665964,16
cans_degree5_iter4_delta0.3:steps=1:current_plus_eps:unrepaired,cans_degree5_iter4_delta0.3,1,current_plus_eps,unrepaired,1e-05,0.9,1,0.037613438866218936,0.2167975283661992,0.031569805972774166,0.2583006239120332,False,False,0.7607112853777309,11
cans_degree5_iter4_delta0.3:steps=1:current_plus_eps:unrepaired,cans_degree5_iter4_delta0.3,1,current_plus_eps,unrepaired,1e-05,1.0,1,0.04481404746557166,0.2167975283661992,0.037613438866218936,0.2583006239120332,False,False,0.6846401568399577,10
cans_degree5_iter4_delta0.3:steps=1:current_plus_eps:raw_grid_repair_1.02x,cans_degree5_iter4_delta0.3,1,current_plus_eps,raw_grid_repair_1.02x,0.001,0.75,1,0.007775044519174121,0.1819630459804838,0.0065257698923257895,0.2167975283661992,False,False,1.3692803136799157,19
cans_degree5_iter4_delta0.3:steps=1:current_plus_eps:raw_grid_repair_1.02x,cans_degree5_iter4_delta0.3,1,current_plus_eps,raw_grid_repair_1.02x,0.001,0.9,1,0.022239737437781862,0.1819630459804838,0.01866631227985865,0.2167975283661992,False,False,0.9128535424532771,13
cans_degree5_iter4_delta0.3:steps=1:current_plus_eps:raw_grid_repair_1.02x,cans_degree5_iter4_delta0.3,1,current_plus_eps,raw_grid_repair_1.02x,0.001,1.0,1,0.022239737437781862,0.1819630459804838,0.01866631227985865,0.2167975283661992,False,False,0.9128535424532771,13
cans_degree5_iter4_delta0.3:steps=1:current_plus_eps:raw_grid_repair_1.02x,cans_degree5_iter4_delta0.3,1,current_plus_eps,raw_grid_repair_1.02x,0.0001,0.75,1,0.00926347668896959,0.1819630459804838,0.007775044519174121,0.2167975283661992,False,False,1.2932091851421426,18
cans_degree5_iter4_delta0.3:steps=1:current_plus_eps:raw_grid_repair_1.02x,cans_degree5_iter4_delta0.3,1,current_plus_eps,raw_grid_repair_1.02x,0.0001,0.9,1,0.026497248834477422,0.1819630459804838,0.022239737437781862,0.2167975283661992,False,False,0.836782413915504,12
cans_degree5_iter4_delta0.3:steps=1:current_plus_eps:raw_grid_repair_1.02x,cans_degree5_iter4_delta0.3,1,current_plus_eps,raw_grid_repair_1.02x,0.0001,1.0,1,0.031569805972774166,0.1819630459804838,0.026497248834477422,0.2167975283661992,False,False,0.7607112853777309,11
cans_degree5_iter4_delta0.3:steps=1:current_plus_eps:raw_grid_repair_1.02x,cans_degree5_iter4_delta0.3,1,current_plus_eps,raw_grid_repair_1.02x,1e-05,0.75,1,0.011036850034165217,0.1819630459804838,0.00926347668896959,0.2167975283661992,False,False,1.2171380566043695,17
cans_degree5_iter4_delta0.3:steps=1:current_plus_eps:raw_grid_repair_1.02x,cans_degree5_iter4_delta0.3,1,current_plus_eps,raw_grid_repair_1.02x,1e-05,0.9,1,0.031569805972774166,0.1819630459804838,0.026497248834477422,0.2167975283661992,False,False,0.7607112853777309,11
cans_degree5_iter4_delta0.3:steps=1:current_plus_eps:raw_grid_repair_1.02x,cans_degree5_iter4_delta0.3,1,current_plus_eps,raw_grid_repair_1.02x,1e-05,1.0,1,0.037613438866218936,0.1819630459804838,0.031569805972774166,0.2167975283661992,False,False,0.6846401568399577,10
cans_degree5_iter4_delta0.3:steps=1:current_plus_eps:gain_matched_grid_repair_1.02x,cans_degree5_iter4_delta0.3,1,current_plus_eps,gain_matched_grid_repair_1.02x,0.001,0.75,1,0.00926347668896959,0.2167975283661992,0.007775044519174121,0.2583006239120332,False,False,1.3692803136799157,19
cans_degree5_iter4_delta0.3:steps=1:current_plus_eps:gain_matched_grid_repair_1.02x,cans_degree5_iter4_delta0.3,1,current_plus_eps,gain_matched_grid_repair_1.02x,0.001,0.9,1,0.026497248834477422,0.2167975283661992,0.022239737437781862,0.2583006239120332,False,False,0.9128535424532771,13
cans_degree5_iter4_delta0.3:steps=1:current_plus_eps:gain_matched_grid_repair_1.02x,cans_degree5_iter4_delta0.3,1,current_plus_eps,gain_matched_grid_repair_1.02x,0.001,1.0,1,0.026497248834477422,0.2167975283661992,0.022239737437781862,0.2583006239120332,False,False,0.9128535424532771,13
cans_degree5_iter4_delta0.3:steps=1:current_plus_eps:gain_matched_grid_repair_1.02x,cans_degree5_iter4_delta0.3,1,current_plus_eps,gain_matched_grid_repair_1.02x,0.0001,0.75,1,0.011036850034165217,0.2167975283661992,0.00926347668896959,0.2583006239120332,False,False,1.2932091851421426,18
cans_degree5_iter4_delta0.3:steps=1:current_plus_eps:gain_matched_grid_repair_1.02x,cans_degree5_iter4_delta0.3,1,current_plus_eps,gain_matched_grid_repair_1.02x,0.0001,0.9,1,0.031569805972774166,0.2167975283661992,0.026497248834477422,0.2583006239120332,False,False,0.836782413915504,12
cans_degree5_iter4_delta0.3:steps=1:current_plus_eps:gain_matched_grid_repair_1.02x,cans_degree5_iter4_delta0.3,1,current_plus_eps,gain_matched_grid_repair_1.02x,0.0001,1.0,1,0.037613438866218936,0.2167975283661992,0.031569805972774166,0.2583006239120332,False,False,0.7607112853777309,11
cans_degree5_iter4_delta0.3:steps=1:current_plus_eps:gain_matched_grid_repair_1.02x,cans_degree5_iter4_delta0.3,1,current_plus_eps,gain_matched_grid_repair_1.02x,1e-05,0.75,1,0.013149712874184644,0.2167975283661992,0.011036850034165217,0.2583006239120332,False,False,1.2171380566043695,17
cans_degree5_iter4_delta0.3:steps=1:current_plus_eps:gain_matched_grid_repair_1.02x,cans_degree5_iter4_delta0.3,1,current_plus_eps,gain_matched_grid_repair_1.02x,1e-05,0.9,1,0.037613438866218936,0.2167975283661992,0.031569805972774166,0.2583006239120332,False,False,0.7607112853777309,11
cans_degree5_iter4_delta0.3:steps=1:current_plus_eps:gain_matched_grid_repair_1.02x,cans_degree5_iter4_delta0.3,1,current_plus_eps,gain_matched_grid_repair_1.02x,1e-05,1.0,1,0.037613438866218936,0.2167975283661992,0.031569805972774166,0.2583006239120332,False,False,0.7607112853777309,11
cans_degree5_iter4_delta0.3:steps=1:current_plus_eps:gain_only_unrepaired_control,cans_degree5_iter4_delta0.3,1,current_plus_eps,gain_only_unrepaired_control,0.001,0.75,1,0.00926347668896959,0.1819630459804838,0.007775044519174121,0.2167975283661992,False,False,1.2932091851421426,18
cans_degree5_iter4_delta0.3:steps=1:current_plus_eps:gain_only_unrepaired_control,cans_degree5_iter4_delta0.3,1,current_plus_eps,gain_only_unrepaired_control,0.001,0.9,1,0.022239737437781862,0.1819630459804838,0.01866631227985865,0.2167975283661992,False,False,0.9128535424532771,13
cans_degree5_iter4_delta0.3:steps=1:current_plus_eps:gain_only_unrepaired_control,cans_degree5_iter4_delta0.3,1,current_plus_eps,gain_only_unrepaired_control,0.001,1.0,1,0.026497248834477422,0.1819630459804838,0.022239737437781862,0.2167975283661992,False,False,0.836782413915504,12
cans_degree5_iter4_delta0.3:steps=1:current_plus_eps:gain_only_unrepaired_control,cans_degree5_iter4_delta0.3,1,current_plus_eps,gain_only_unrepaired_control,0.0001,0.75,1,0.011036850034165217,0.1819630459804838,0.00926347668896959,0.2167975283661992,False,False,1.2171380566043695,17
cans_degree5_iter4_delta0.3:steps=1:current_plus_eps:gain_only_unrepaired_control,cans_degree5_iter4_delta0.3,1,current_plus_eps,gain_only_unrepaired_control,0.0001,0.9,1,0.026497248834477422,0.1819630459804838,0.022239737437781862,0.2167975283661992,False,False,0.836782413915504,12
cans_degree5_iter4_delta0.3:steps=1:current_plus_eps:gain_only_unrepaired_control,cans_degree5_iter4_delta0.3,1,current_plus_eps,gain_only_unrepaired_control,0.0001,1.0,1,0.031569805972774166,0.1819630459804838,0.026497248834477422,0.2167975283661992,False,False,0.7607112853777309,11
cans_degree5_iter4_delta0.3:steps=1:current_plus_eps:gain_only_unrepaired_control,cans_degree5_iter4_delta0.3,1,current_plus_eps,gain_only_unrepaired_control,1e-05,0.75,1,0.013149712874184644,0.1819630459804838,0.011036850034165217,0.2167975283661992,False,False,1.1410669280665964,16
cans_degree5_iter4_delta0.3:steps=1:current_plus_eps:gain_only_unrepaired_control,cans_degree5_iter4_delta0.3,1,current_plus_eps,gain_only_unrepaired_control,1e-05,0.9,1,0.031569805972774166,0.1819630459804838,0.026497248834477422,0.2167975283661992,False,False,0.7607112853777309,11
cans_degree5_iter4_delta0.3:steps=1:current_plus_eps:gain_only_unrepaired_control,cans_degree5_iter4_delta0.3,1,current_plus_eps,gain_only_unrepaired_control,1e-05,1.0,1,0.037613438866218936,0.1819630459804838,0.031569805972774166,0.2167975283661992,False,False,0.6846401568399577,10
cans_degree5_iter4_delta0.3:steps=1:fixed_scale:fixed_scale_control,cans_degree5_iter4_delta0.3,1,fixed_scale,fixed_scale_control,0.001,0.75,1,0.01866631227985865,0.2167975283661992,0.015667056101897645,0.2583006239120332,False,False,1.0649957995288233,15
cans_degree5_iter4_delta0.3:steps=1:fixed_scale:fixed_scale_control,cans_degree5_iter4_delta0.3,1,fixed_scale,fixed_scale_control,0.001,0.9,1,0.06361454523915885,0.2167975283661992,0.05339311987371051,0.2583006239120332,False,False,0.5324978997644116,8
cans_degree5_iter4_delta0.3:steps=1:fixed_scale:fixed_scale_control,cans_degree5_iter4_delta0.3,1,fixed_scale,fixed_scale_control,0.001,1.0,1,0.1819630459804838,0.2167975283661992,0.152725680740085,0.2583006239120332,False,False,0.07607112853777309,2
cans_degree5_iter4_delta0.3:steps=1:fixed_scale:fixed_scale_control,cans_degree5_iter4_delta0.3,1,fixed_scale,fixed_scale_control,0.0001,0.75,1,0.022239737437781862,0.2167975283661992,0.01866631227985865,0.2583006239120332,False,False,0.9889246709910502,14
cans_degree5_iter4_delta0.3:steps=1:fixed_scale:fixed_scale_control,cans_degree5_iter4_delta0.3,1,fixed_scale,fixed_scale_control,0.0001,0.9,1,0.06361454523915885,0.2167975283661992,0.05339311987371051,0.2583006239120332,False,False,0.5324978997644116,8
cans_degree5_iter4_delta0.3:steps=1:fixed_scale:fixed_scale_control,cans_degree5_iter4_delta0.3,1,fixed_scale,fixed_scale_control,0.0001,1.0,1,0.1819630459804838,0.2167975283661992,0.152725680740085,0.2583006239120332,False,False,0.07607112853777309,2
cans_degree5_iter4_delta0.3:steps=1:fixed_scale:fixed_scale_control,cans_degree5_iter4_delta0.3,1,fixed_scale,fixed_scale_control,1e-05,0.75,1,0.031569805972774166,0.2167975283661992,0.026497248834477422,0.2583006239120332,False,False,0.836782413915504,12
cans_degree5_iter4_delta0.3:steps=1:fixed_scale:fixed_scale_control,cans_degree5_iter4_delta0.3,1,fixed_scale,fixed_scale_control,1e-05,0.9,1,0.06361454523915885,0.2167975283661992,0.05339311987371051,0.2583006239120332,False,False,0.5324978997644116,8
cans_degree5_iter4_delta0.3:steps=1:fixed_scale:fixed_scale_control,cans_degree5_iter4_delta0.3,1,fixed_scale,fixed_scale_control,1e-05,1.0,1,0.1819630459804838,0.2167975283661992,0.152725680740085,0.2583006239120332,False,False,0.07607112853777309,2
cans_degree5_iter4_delta0.3:steps=2:current_plus_eps:unrepaired,cans_degree5_iter4_delta0.3,2,current_plus_eps,unrepaired,0.001,0.75,1,0.022239737437781862,0.05339311987371051,0.01866631227985865,0.06361454523915885,False,False,0.38035564268886546,6
cans_degree5_iter4_delta0.3:steps=2:current_plus_eps:unrepaired,cans_degree5_iter4_delta0.3,2,current_plus_eps,unrepaired,0.001,0.9,0,,,,,False,False,0.0,0
cans_degree5_iter4_delta0.3:steps=2:current_plus_eps:unrepaired,cans_degree5_iter4_delta0.3,2,current_plus_eps,unrepaired,0.001,1.0,0,,,,,False,False,0.0,0
cans_degree5_iter4_delta0.3:steps=2:current_plus_eps:unrepaired,cans_degree5_iter4_delta0.3,2,current_plus_eps,unrepaired,0.0001,0.75,1,0.022239737437781862,0.05339311987371051,0.01866631227985865,0.06361454523915885,False,False,0.38035564268886546,6
cans_degree5_iter4_delta0.3:steps=2:current_plus_eps:unrepaired,cans_degree5_iter4_delta0.3,2,current_plus_eps,unrepaired,0.0001,0.9,0,,,,,False,False,0.0,0
cans_degree5_iter4_delta0.3:steps=2:current_plus_eps:unrepaired,cans_degree5_iter4_delta0.3,2,current_plus_eps,unrepaired,0.0001,1.0,0,,,,,False,False,0.0,0
cans_degree5_iter4_delta0.3:steps=2:current_plus_eps:unrepaired,cans_degree5_iter4_delta0.3,2,current_plus_eps,unrepaired,1e-05,0.75,1,0.022239737437781862,0.05339311987371051,0.01866631227985865,0.06361454523915885,False,False,0.38035564268886546,6
cans_degree5_iter4_delta0.3:steps=2:current_plus_eps:unrepaired,cans_degree5_iter4_delta0.3,2,current_plus_eps,unrepaired,1e-05,0.9,0,,,,,False,False,0.0,0
cans_degree5_iter4_delta0.3:steps=2:current_plus_eps:unrepaired,cans_degree5_iter4_delta0.3,2,current_plus_eps,unrepaired,1e-05,1.0,0,,,,,False,False,0.0,0
cans_degree5_iter4_delta0.3:steps=2:current_plus_eps:raw_grid_repair_1.02x,cans_degree5_iter4_delta0.3,2,current_plus_eps,raw_grid_repair_1.02x,0.001,0.75,1,0.0022814186352993035,0.037613438866218936,0.0019148460186062853,0.04481404746557166,False,False,1.2171380566043695,17
cans_degree5_iter4_delta0.3:steps=2:current_plus_eps:raw_grid_repair_1.02x,cans_degree5_iter4_delta0.3,2,current_plus_eps,raw_grid_repair_1.02x,0.001,0.9,1,0.005477225575051662,0.037613438866218936,0.004597158725329799,0.04481404746557166,False,False,0.836782413915504,12
cans_degree5_iter4_delta0.3:steps=2:current_plus_eps:raw_grid_repair_1.02x,cans_degree5_iter4_delta0.3,2,current_plus_eps,raw_grid_repair_1.02x,0.001,1.0,1,0.0065257698923257895,0.037613438866218936,0.005477225575051662,0.04481404746557166,False,False,0.7607112853777309,11
cans_degree5_iter4_delta0.3:steps=2:current_plus_eps:raw_grid_repair_1.02x,cans_degree5_iter4_delta0.3,2,current_plus_eps,raw_grid_repair_1.02x,0.0001,0.75,1,0.0027181668598497987,0.037613438866218936,0.0022814186352993035,0.04481404746557166,False,False,1.1410669280665964,16
cans_degree5_iter4_delta0.3:steps=2:current_plus_eps:raw_grid_repair_1.02x,cans_degree5_iter4_delta0.3,2,current_plus_eps,raw_grid_repair_1.02x,0.0001,0.9,1,0.0065257698923257895,0.037613438866218936,0.005477225575051662,0.04481404746557166,False,False,0.7607112853777309,11
cans_degree5_iter4_delta0.3:steps=2:current_plus_eps:raw_grid_repair_1.02x,cans_degree5_iter4_delta0.3,2,current_plus_eps,raw_grid_repair_1.02x,0.0001,1.0,1,0.007775044519174121,0.037613438866218936,0.0065257698923257895,0.04481404746557166,False,False,0.6846401568399578,10
cans_degree5_iter4_delta0.3:steps=2:current_plus_eps:raw_grid_repair_1.02x,cans_degree5_iter4_delta0.3,2,current_plus_eps,raw_grid_repair_1.02x,1e-05,0.75,1,0.0027181668598497987,0.037613438866218936,0.0022814186352993035,0.04481404746557166,False,False,1.1410669280665964,16
cans_degree5_iter4_delta0.3:steps=2:current_plus_eps:raw_grid_repair_1.02x,cans_degree5_iter4_delta0.3,2,current_plus_eps,raw_grid_repair_1.02x,1e-05,0.9,1,0.007775044519174121,0.037613438866218936,0.0065257698923257895,0.04481404746557166,False,False,0.6846401568399578,10
cans_degree5_iter4_delta0.3:steps=2:current_plus_eps:raw_grid_repair_1.02x,cans_degree5_iter4_delta0.3,2,current_plus_eps,raw_grid_repair_1.02x,1e-05,1.0,1,0.00926347668896959,0.037613438866218936,0.007775044519174121,0.04481404746557166,False,False,0.6085690283021847,9
cans_degree5_iter4_delta0.3:steps=2:current_plus_eps:gain_matched_grid_repair_1.02x,cans_degree5_iter4_delta0.3,2,current_plus_eps,gain_matched_grid_repair_1.02x,0.001,0.75,1,0.0032385249088738217,0.05339311987371051,0.0027181668598497987,0.06361454523915885,False,False,1.2171380566043695,17
cans_degree5_iter4_delta0.3:steps=2:current_plus_eps:gain_matched_grid_repair_1.02x,cans_degree5_iter4_delta0.3,2,current_plus_eps,gain_matched_grid_repair_1.02x,0.001,0.9,1,0.00926347668896959,0.05339311987371051,0.007775044519174121,0.06361454523915885,False,False,0.7607112853777309,11
cans_degree5_iter4_delta0.3:steps=2:current_plus_eps:gain_matched_grid_repair_1.02x,cans_degree5_iter4_delta0.3,2,current_plus_eps,gain_matched_grid_repair_1.02x,0.001,1.0,1,0.00926347668896959,0.05339311987371051,0.007775044519174121,0.06361454523915885,False,False,0.7607112853777309,11
cans_degree5_iter4_delta0.3:steps=2:current_plus_eps:gain_matched_grid_repair_1.02x,cans_degree5_iter4_delta0.3,2,current_plus_eps,gain_matched_grid_repair_1.02x,0.0001,0.75,1,0.003858498806793542,0.05339311987371051,0.0032385249088738217,0.06361454523915885,False,False,1.1410669280665964,16
cans_degree5_iter4_delta0.3:steps=2:current_plus_eps:gain_matched_grid_repair_1.02x,cans_degree5_iter4_delta0.3,2,current_plus_eps,gain_matched_grid_repair_1.02x,0.0001,0.9,1,0.011036850034165217,0.05339311987371051,0.00926347668896959,0.06361454523915885,False,False,0.6846401568399578,10
cans_degree5_iter4_delta0.3:steps=2:current_plus_eps:gain_matched_grid_repair_1.02x,cans_degree5_iter4_delta0.3,2,current_plus_eps,gain_matched_grid_repair_1.02x,0.0001,1.0,1,0.011036850034165217,0.05339311987371051,0.00926347668896959,0.06361454523915885,False,False,0.6846401568399578,10
cans_degree5_iter4_delta0.3:steps=2:current_plus_eps:gain_matched_grid_repair_1.02x,cans_degree5_iter4_delta0.3,2,current_plus_eps,gain_matched_grid_repair_1.02x,1e-05,0.75,1,0.004597158725329799,0.05339311987371051,0.003858498806793542,0.06361454523915885,False,False,1.0649957995288233,15
cans_degree5_iter4_delta0.3:steps=2:current_plus_eps:gain_matched_grid_repair_1.02x,cans_degree5_iter4_delta0.3,2,current_plus_eps,gain_matched_grid_repair_1.02x,1e-05,0.9,1,0.011036850034165217,0.05339311987371051,0.00926347668896959,0.06361454523915885,False,False,0.6846401568399578,10
cans_degree5_iter4_delta0.3:steps=2:current_plus_eps:gain_matched_grid_repair_1.02x,cans_degree5_iter4_delta0.3,2,current_plus_eps,gain_matched_grid_repair_1.02x,1e-05,1.0,1,0.013149712874184644,0.05339311987371051,0.011036850034165217,0.06361454523915885,False,False,0.6085690283021847,9
cans_degree5_iter4_delta0.3:steps=2:current_plus_eps:gain_only_unrepaired_control,cans_degree5_iter4_delta0.3,2,current_plus_eps,gain_only_unrepaired_control,0.001,0.75,1,0.015667056101897645,0.037613438866218936,0.013149712874184644,0.04481404746557166,False,False,0.38035564268886546,6
cans_degree5_iter4_delta0.3:steps=2:current_plus_eps:gain_only_unrepaired_control,cans_degree5_iter4_delta0.3,2,current_plus_eps,gain_only_unrepaired_control,0.001,0.9,0,,,,,False,False,0.0,0
cans_degree5_iter4_delta0.3:steps=2:current_plus_eps:gain_only_unrepaired_control,cans_degree5_iter4_delta0.3,2,current_plus_eps,gain_only_unrepaired_control,0.001,1.0,0,,,,,False,False,0.0,0
cans_degree5_iter4_delta0.3:steps=2:current_plus_eps:gain_only_unrepaired_control,cans_degree5_iter4_delta0.3,2,current_plus_eps,gain_only_unrepaired_control,0.0001,0.75,1,0.015667056101897645,0.037613438866218936,0.013149712874184644,0.04481404746557166,False,False,0.38035564268886546,6
cans_degree5_iter4_delta0.3:steps=2:current_plus_eps:gain_only_unrepaired_control,cans_degree5_iter4_delta0.3,2,current_plus_eps,gain_only_unrepaired_control,0.0001,0.9,0,,,,,False,False,0.0,0
cans_degree5_iter4_delta0.3:steps=2:current_plus_eps:gain_only_unrepaired_control,cans_degree5_iter4_delta0.3,2,current_plus_eps,gain_only_unrepaired_control,0.0001,1.0,0,,,,,False,False,0.0,0
cans_degree5_iter4_delta0.3:steps=2:current_plus_eps:gain_only_unrepaired_control,cans_degree5_iter4_delta0.3,2,current_plus_eps,gain_only_unrepaired_control,1e-05,0.75,1,0.015667056101897645,0.037613438866218936,0.013149712874184644,0.04481404746557166,False,False,0.38035564268886546,6
cans_degree5_iter4_delta0.3:steps=2:current_plus_eps:gain_only_unrepaired_control,cans_degree5_iter4_delta0.3,2,current_plus_eps,gain_only_unrepaired_control,1e-05,0.9,0,,,,,False,False,0.0,0
cans_degree5_iter4_delta0.3:steps=2:current_plus_eps:gain_only_unrepaired_control,cans_degree5_iter4_delta0.3,2,current_plus_eps,gain_only_unrepaired_control,1e-05,1.0,0,,,,,False,False,0.0,0
cans_degree5_iter4_delta0.3:steps=2:fixed_scale:fixed_scale_control,cans_degree5_iter4_delta0.3,2,fixed_scale,fixed_scale_control,0.001,0.75,1,0.026497248834477422,0.05339311987371051,0.022239737437781862,0.06361454523915885,False,False,0.3042845141510924,5
cans_degree5_iter4_delta0.3:steps=2:fixed_scale:fixed_scale_control,cans_degree5_iter4_delta0.3,2,fixed_scale,fixed_scale_control,0.001,0.9,0,,,,,False,False,0.0,0
cans_degree5_iter4_delta0.3:steps=2:fixed_scale:fixed_scale_control,cans_degree5_iter4_delta0.3,2,fixed_scale,fixed_scale_control,0.001,1.0,0,,,,,False,False,0.0,0
cans_degree5_iter4_delta0.3:steps=2:fixed_scale:fixed_scale_control,cans_degree5_iter4_delta0.3,2,fixed_scale,fixed_scale_control,0.0001,0.75,1,0.026497248834477422,0.05339311987371051,0.022239737437781862,0.06361454523915885,False,False,0.3042845141510924,5
cans_degree5_iter4_delta0.3:steps=2:fixed_scale:fixed_scale_control,cans_degree5_iter4_delta0.3,2,fixed_scale,fixed_scale_control,0.0001,0.9,0,,,,,False,False,0.0,0
cans_degree5_iter4_delta0.3:steps=2:fixed_scale:fixed_scale_control,cans_degree5_iter4_delta0.3,2,fixed_scale,fixed_scale_control,0.0001,1.0,0,,,,,False,False,0.0,0
cans_degree5_iter4_delta0.3:steps=2:fixed_scale:fixed_scale_control,cans_degree5_iter4_delta0.3,2,fixed_scale,fixed_scale_control,1e-05,0.75,1,0.026497248834477422,0.05339311987371051,0.022239737437781862,0.06361454523915885,False,False,0.3042845141510924,5
cans_degree5_iter4_delta0.3:steps=2:fixed_scale:fixed_scale_control,cans_degree5_iter4_delta0.3,2,fixed_scale,fixed_scale_control,1e-05,0.9,0,,,,,False,False,0.0,0
cans_degree5_iter4_delta0.3:steps=2:fixed_scale:fixed_scale_control,cans_degree5_iter4_delta0.3,2,fixed_scale,fixed_scale_control,1e-05,1.0,0,,,,,False,False,0.0,0
cans_degree5_iter4_delta0.3:steps=3:current_plus_eps:unrepaired,cans_degree5_iter4_delta0.3,3,current_plus_eps,unrepaired,0.001,0.75,1,0.01866631227985865,0.022239737437781862,0.015667056101897645,0.026497248834477422,False,False,0.07607112853777302,2
cans_degree5_iter4_delta0.3:steps=3:current_plus_eps:unrepaired,cans_degree5_iter4_delta0.3,3,current_plus_eps,unrepaired,0.001,0.9,0,,,,,False,False,0.0,0
cans_degree5_iter4_delta0.3:steps=3:current_plus_eps:unrepaired,cans_degree5_iter4_delta0.3,3,current_plus_eps,unrepaired,0.001,1.0,0,,,,,False,False,0.0,0
cans_degree5_iter4_delta0.3:steps=3:current_plus_eps:unrepaired,cans_degree5_iter4_delta0.3,3,current_plus_eps,unrepaired,0.0001,0.75,0,,,,,False,False,0.0,0
cans_degree5_iter4_delta0.3:steps=3:current_plus_eps:unrepaired,cans_degree5_iter4_delta0.3,3,current_plus_eps,unrepaired,0.0001,0.9,0,,,,,False,False,0.0,0
cans_degree5_iter4_delta0.3:steps=3:current_plus_eps:unrepaired,cans_degree5_iter4_delta0.3,3,current_plus_eps,unrepaired,0.0001,1.0,0,,,,,False,False,0.0,0
cans_degree5_iter4_delta0.3:steps=3:current_plus_eps:unrepaired,cans_degree5_iter4_delta0.3,3,current_plus_eps,unrepaired,1e-05,0.75,0,,,,,False,False,0.0,0
cans_degree5_iter4_delta0.3:steps=3:current_plus_eps:unrepaired,cans_degree5_iter4_delta0.3,3,current_plus_eps,unrepaired,1e-05,0.9,0,,,,,False,False,0.0,0
cans_degree5_iter4_delta0.3:steps=3:current_plus_eps:unrepaired,cans_degree5_iter4_delta0.3,3,current_plus_eps,unrepaired,1e-05,1.0,0,,,,,False,False,0.0,0
cans_degree5_iter4_delta0.3:steps=3:current_plus_eps:raw_grid_repair_1.02x,cans_degree5_iter4_delta0.3,3,current_plus_eps,raw_grid_repair_1.02x,0.001,0.75,1,0.0006694329500821696,0.015667056101897645,0.0005618701448980375,0.01866631227985865,False,False,1.3692803136799157,19
cans_degree5_iter4_delta0.3:steps=3:current_plus_eps:raw_grid_repair_1.02x,cans_degree5_iter4_delta0.3,3,current_plus_eps,raw_grid_repair_1.02x,0.001,0.9,1,0.0019148460186062853,0.013149712874184644,0.0016071733693414447,0.015667056101897645,False,False,0.836782413915504,12
cans_degree5_iter4_delta0.3:steps=3:current_plus_eps:raw_grid_repair_1.02x,cans_degree5_iter4_delta0.3,3,current_plus_eps,raw_grid_repair_1.02x,0.001,1.0,1,0.0022814186352993035,0.013149712874184644,0.0019148460186062853,0.015667056101897645,False,False,0.7607112853777309,11
cans_degree5_iter4_delta0.3:steps=3:current_plus_eps:raw_grid_repair_1.02x,cans_degree5_iter4_delta0.3,3,current_plus_eps,raw_grid_repair_1.02x,0.0001,0.75,1,0.0007975872694518065,0.011036850034165217,0.0006694329500821696,0.013149712874184644,False,False,1.1410669280665964,16
cans_degree5_iter4_delta0.3:steps=3:current_plus_eps:raw_grid_repair_1.02x,cans_degree5_iter4_delta0.3,3,current_plus_eps,raw_grid_repair_1.02x,0.0001,0.9,1,0.0022814186352993035,0.00926347668896959,0.0019148460186062853,0.011036850034165217,False,False,0.6085690283021847,9
cans_degree5_iter4_delta0.3:steps=3:current_plus_eps:raw_grid_repair_1.02x,cans_degree5_iter4_delta0.3,3,current_plus_eps,raw_grid_repair_1.02x,0.0001,1.0,1,0.0027181668598497987,0.00926347668896959,0.0022814186352993035,0.011036850034165217,False,False,0.5324978997644116,8
cans_degree5_iter4_delta0.3:steps=3:current_plus_eps:raw_grid_repair_1.02x,cans_degree5_iter4_delta0.3,3,current_plus_eps,raw_grid_repair_1.02x,1e-05,0.75,1,0.0009502750832828064,0.00926347668896959,0.0007975872694518065,0.011036850034165217,False,False,0.9889246709910502,14
cans_degree5_iter4_delta0.3:steps=3:current_plus_eps:raw_grid_repair_1.02x,cans_degree5_iter4_delta0.3,3,current_plus_eps,raw_grid_repair_1.02x,1e-05,0.9,1,0.0027181668598497987,0.00926347668896959,0.0022814186352993035,0.011036850034165217,False,False,0.5324978997644116,8
cans_degree5_iter4_delta0.3:steps=3:current_plus_eps:raw_grid_repair_1.02x,cans_degree5_iter4_delta0.3,3,current_plus_eps,raw_grid_repair_1.02x,1e-05,1.0,1,0.0027181668598497987,0.00926347668896959,0.0022814186352993035,0.011036850034165217,False,False,0.5324978997644116,8
cans_degree5_iter4_delta0.3:steps=3:current_plus_eps:gain_matched_grid_repair_1.02x,cans_degree5_iter4_delta0.3,3,current_plus_eps,gain_matched_grid_repair_1.02x,0.001,0.75,1,0.0011321930132219959,0.026497248834477422,0.0009502750832828064,0.031569805972774166,False,False,1.3692803136799157,19
cans_degree5_iter4_delta0.3:steps=3:current_plus_eps:gain_matched_grid_repair_1.02x,cans_degree5_iter4_delta0.3,3,current_plus_eps,gain_matched_grid_repair_1.02x,0.001,0.9,1,0.0032385249088738217,0.01866631227985865,0.0027181668598497987,0.022239737437781862,False,False,0.760711285377731,11
cans_degree5_iter4_delta0.3:steps=3:current_plus_eps:gain_matched_grid_repair_1.02x,cans_degree5_iter4_delta0.3,3,current_plus_eps,gain_matched_grid_repair_1.02x,0.001,1.0,1,0.0032385249088738217,0.01866631227985865,0.0027181668598497987,0.022239737437781862,False,False,0.760711285377731,11
cans_degree5_iter4_delta0.3:steps=3:current_plus_eps:gain_matched_grid_repair_1.02x,cans_degree5_iter4_delta0.3,3,current_plus_eps,gain_matched_grid_repair_1.02x,0.0001,0.75,1,0.0013489367886616623,0.015667056101897645,0.0011321930132219959,0.01866631227985865,False,False,1.0649957995288233,15
cans_degree5_iter4_delta0.3:steps=3:current_plus_eps:gain_matched_grid_repair_1.02x,cans_degree5_iter4_delta0.3,3,current_plus_eps,gain_matched_grid_repair_1.02x,0.0001,0.9,1,0.003858498806793542,0.015667056101897645,0.0032385249088738217,0.01866631227985865,False,False,0.6085690283021847,9
cans_degree5_iter4_delta0.3:steps=3:current_plus_eps:gain_matched_grid_repair_1.02x,cans_degree5_iter4_delta0.3,3,current_plus_eps,gain_matched_grid_repair_1.02x,0.0001,1.0,1,0.003858498806793542,0.015667056101897645,0.0032385249088738217,0.01866631227985865,False,False,0.6085690283021847,9
cans_degree5_iter4_delta0.3:steps=3:current_plus_eps:gain_matched_grid_repair_1.02x,cans_degree5_iter4_delta0.3,3,current_plus_eps,gain_matched_grid_repair_1.02x,1e-05,0.75,1,0.0013489367886616623,0.015667056101897645,0.0011321930132219959,0.01866631227985865,False,False,1.0649957995288233,15
cans_degree5_iter4_delta0.3:steps=3:current_plus_eps:gain_matched_grid_repair_1.02x,cans_degree5_iter4_delta0.3,3,current_plus_eps,gain_matched_grid_repair_1.02x,1e-05,0.9,1,0.003858498806793542,0.015667056101897645,0.0032385249088738217,0.01866631227985865,False,False,0.6085690283021847,9
cans_degree5_iter4_delta0.3:steps=3:current_plus_eps:gain_matched_grid_repair_1.02x,cans_degree5_iter4_delta0.3,3,current_plus_eps,gain_matched_grid_repair_1.02x,1e-05,1.0,1,0.004597158725329799,0.015667056101897645,0.003858498806793542,0.01866631227985865,False,False,0.5324978997644118,8
cans_degree5_iter4_delta0.3:steps=3:current_plus_eps:gain_only_unrepaired_control,cans_degree5_iter4_delta0.3,3,current_plus_eps,gain_only_unrepaired_control,0.001,0.75,1,0.013149712874184644,0.015667056101897645,0.011036850034165217,0.01866631227985865,False,False,0.07607112853777309,2
cans_degree5_iter4_delta0.3:steps=3:current_plus_eps:gain_only_unrepaired_control,cans_degree5_iter4_delta0.3,3,current_plus_eps,gain_only_unrepaired_control,0.001,0.9,0,,,,,False,False,0.0,0
cans_degree5_iter4_delta0.3:steps=3:current_plus_eps:gain_only_unrepaired_control,cans_degree5_iter4_delta0.3,3,current_plus_eps,gain_only_unrepaired_control,0.001,1.0,0,,,,,False,False,0.0,0
cans_degree5_iter4_delta0.3:steps=3:current_plus_eps:gain_only_unrepaired_control,cans_degree5_iter4_delta0.3,3,current_plus_eps,gain_only_unrepaired_control,0.0001,0.75,0,,,,,False,False,0.0,0
cans_degree5_iter4_delta0.3:steps=3:current_plus_eps:gain_only_unrepaired_control,cans_degree5_iter4_delta0.3,3,current_plus_eps,gain_only_unrepaired_control,0.0001,0.9,0,,,,,False,False,0.0,0
cans_degree5_iter4_delta0.3:steps=3:current_plus_eps:gain_only_unrepaired_control,cans_degree5_iter4_delta0.3,3,current_plus_eps,gain_only_unrepaired_control,0.0001,1.0,0,,,,,False,False,0.0,0
cans_degree5_iter4_delta0.3:steps=3:current_plus_eps:gain_only_unrepaired_control,cans_degree5_iter4_delta0.3,3,current_plus_eps,gain_only_unrepaired_control,1e-05,0.75,0,,,,,False,False,0.0,0
cans_degree5_iter4_delta0.3:steps=3:current_plus_eps:gain_only_unrepaired_control,cans_degree5_iter4_delta0.3,3,current_plus_eps,gain_only_unrepaired_control,1e-05,0.9,0,,,,,False,False,0.0,0
cans_degree5_iter4_delta0.3:steps=3:current_plus_eps:gain_only_unrepaired_control,cans_degree5_iter4_delta0.3,3,current_plus_eps,gain_only_unrepaired_control,1e-05,1.0,0,,,,,False,False,0.0,0
cans_degree5_iter4_delta0.3:steps=3:fixed_scale:fixed_scale_control,cans_degree5_iter4_delta0.3,3,fixed_scale,fixed_scale_control,0.001,0.75,1,0.015667056101897645,0.022239737437781862,0.013149712874184644,0.026497248834477422,False,False,0.15214225707554613,3
cans_degree5_iter4_delta0.3:steps=3:fixed_scale:fixed_scale_control,cans_degree5_iter4_delta0.3,3,fixed_scale,fixed_scale_control,0.001,0.9,0,,,,,False,False,0.0,0
cans_degree5_iter4_delta0.3:steps=3:fixed_scale:fixed_scale_control,cans_degree5_iter4_delta0.3,3,fixed_scale,fixed_scale_control,0.001,1.0,0,,,,,False,False,0.0,0
cans_degree5_iter4_delta0.3:steps=3:fixed_scale:fixed_scale_control,cans_degree5_iter4_delta0.3,3,fixed_scale,fixed_scale_control,0.0001,0.75,0,,,,,False,False,0.0,0
cans_degree5_iter4_delta0.3:steps=3:fixed_scale:fixed_scale_control,cans_degree5_iter4_delta0.3,3,fixed_scale,fixed_scale_control,0.0001,0.9,0,,,,,False,False,0.0,0
cans_degree5_iter4_delta0.3:steps=3:fixed_scale:fixed_scale_control,cans_degree5_iter4_delta0.3,3,fixed_scale,fixed_scale_control,0.0001,1.0,0,,,,,False,False,0.0,0
cans_degree5_iter4_delta0.3:steps=3:fixed_scale:fixed_scale_control,cans_degree5_iter4_delta0.3,3,fixed_scale,fixed_scale_control,1e-05,0.75,0,,,,,False,False,0.0,0
cans_degree5_iter4_delta0.3:steps=3:fixed_scale:fixed_scale_control,cans_degree5_iter4_delta0.3,3,fixed_scale,fixed_scale_control,1e-05,0.9,0,,,,,False,False,0.0,0
cans_degree5_iter4_delta0.3:steps=3:fixed_scale:fixed_scale_control,cans_degree5_iter4_delta0.3,3,fixed_scale,fixed_scale_control,1e-05,1.0,0,,,,,False,False,0.0,0
cans_degree5_iter4_delta0.3:steps=4:current_plus_eps:unrepaired,cans_degree5_iter4_delta0.3,4,current_plus_eps,unrepaired,0.001,0.75,1,0.013149712874184644,0.022239737437781862,0.011036850034165217,0.026497248834477422,False,False,0.22821338561331928,4
cans_degree5_iter4_delta0.3:steps=4:current_plus_eps:unrepaired,cans_degree5_iter4_delta0.3,4,current_plus_eps,unrepaired,0.001,0.9,0,,,,,False,False,0.0,0
cans_degree5_iter4_delta0.3:steps=4:current_plus_eps:unrepaired,cans_degree5_iter4_delta0.3,4,current_plus_eps,unrepaired,0.001,1.0,0,,,,,False,False,0.0,0
cans_degree5_iter4_delta0.3:steps=4:current_plus_eps:unrepaired,cans_degree5_iter4_delta0.3,4,current_plus_eps,unrepaired,0.0001,0.75,0,,,,,False,False,0.0,0
cans_degree5_iter4_delta0.3:steps=4:current_plus_eps:unrepaired,cans_degree5_iter4_delta0.3,4,current_plus_eps,unrepaired,0.0001,0.9,0,,,,,False,False,0.0,0
cans_degree5_iter4_delta0.3:steps=4:current_plus_eps:unrepaired,cans_degree5_iter4_delta0.3,4,current_plus_eps,unrepaired,0.0001,1.0,0,,,,,False,False,0.0,0
cans_degree5_iter4_delta0.3:steps=4:current_plus_eps:unrepaired,cans_degree5_iter4_delta0.3,4,current_plus_eps,unrepaired,1e-05,0.75,0,,,,,False,False,0.0,0
cans_degree5_iter4_delta0.3:steps=4:current_plus_eps:unrepaired,cans_degree5_iter4_delta0.3,4,current_plus_eps,unrepaired,1e-05,0.9,0,,,,,False,False,0.0,0
cans_degree5_iter4_delta0.3:steps=4:current_plus_eps:unrepaired,cans_degree5_iter4_delta0.3,4,current_plus_eps,unrepaired,1e-05,1.0,0,,,,,False,False,0.0,0
cans_degree5_iter4_delta0.3:steps=4:current_plus_eps:raw_grid_repair_1.02x,cans_degree5_iter4_delta0.3,4,current_plus_eps,raw_grid_repair_1.02x,0.001,0.75,1,0.0003958163223251114,0.011036850034165217,0.0003322175497195357,0.013149712874184644,False,False,1.4453514422176887,20
cans_degree5_iter4_delta0.3:steps=4:current_plus_eps:raw_grid_repair_1.02x,cans_degree5_iter4_delta0.3,4,current_plus_eps,raw_grid_repair_1.02x,0.001,0.9,1,0.0011321930132219959,0.00926347668896959,0.0009502750832828064,0.011036850034165217,False,False,0.9128535424532772,13
cans_degree5_iter4_delta0.3:steps=4:current_plus_eps:raw_grid_repair_1.02x,cans_degree5_iter4_delta0.3,4,current_plus_eps,raw_grid_repair_1.02x,0.001,1.0,1,0.0011321930132219959,0.00926347668896959,0.0009502750832828064,0.011036850034165217,False,False,0.9128535424532772,13
cans_degree5_iter4_delta0.3:steps=4:current_plus_eps:raw_grid_repair_1.02x,cans_degree5_iter4_delta0.3,4,current_plus_eps,raw_grid_repair_1.02x,0.0001,0.75,1,0.0004715902611142629,0.00926347668896959,0.0003958163223251114,0.011036850034165217,False,False,1.2932091851421426,18
cans_degree5_iter4_delta0.3:steps=4:current_plus_eps:raw_grid_repair_1.02x,cans_degree5_iter4_delta0.3,4,current_plus_eps,raw_grid_repair_1.02x,0.0001,0.9,1,0.0013489367886616623,0.0065257698923257895,0.0011321930132219959,0.007775044519174121,False,False,0.6846401568399578,10
cans_degree5_iter4_delta0.3:steps=4:current_plus_eps:raw_grid_repair_1.02x,cans_degree5_iter4_delta0.3,4,current_plus_eps,raw_grid_repair_1.02x,0.0001,1.0,1,0.0016071733693414447,0.0065257698923257895,0.0013489367886616623,0.007775044519174121,False,False,0.6085690283021847,9
cans_degree5_iter4_delta0.3:steps=4:current_plus_eps:raw_grid_repair_1.02x,cans_degree5_iter4_delta0.3,4,current_plus_eps,raw_grid_repair_1.02x,1e-05,0.75,1,0.0005618701448980375,0.004597158725329799,0.0004715902611142629,0.005477225575051662,False,False,0.9128535424532771,13
cans_degree5_iter4_delta0.3:steps=4:current_plus_eps:raw_grid_repair_1.02x,cans_degree5_iter4_delta0.3,4,current_plus_eps,raw_grid_repair_1.02x,1e-05,0.9,1,0.0016071733693414447,0.003858498806793542,0.0013489367886616623,0.004597158725329799,False,False,0.38035564268886546,6
cans_degree5_iter4_delta0.3:steps=4:current_plus_eps:raw_grid_repair_1.02x,cans_degree5_iter4_delta0.3,4,current_plus_eps,raw_grid_repair_1.02x,1e-05,1.0,1,0.0016071733693414447,0.003858498806793542,0.0013489367886616623,0.004597158725329799,False,False,0.38035564268886546,6
cans_degree5_iter4_delta0.3:steps=4:current_plus_eps:gain_matched_grid_repair_1.02x,cans_degree5_iter4_delta0.3,4,current_plus_eps,gain_matched_grid_repair_1.02x,0.001,0.75,1,0.0005618701448980375,0.015667056101897645,0.0004715902611142629,0.01866631227985865,False,False,1.4453514422176887,20
cans_degree5_iter4_delta0.3:steps=4:current_plus_eps:gain_matched_grid_repair_1.02x,cans_degree5_iter4_delta0.3,4,current_plus_eps,gain_matched_grid_repair_1.02x,0.001,0.9,1,0.0016071733693414447,0.013149712874184644,0.0013489367886616623,0.015667056101897645,False,False,0.9128535424532771,13
cans_degree5_iter4_delta0.3:steps=4:current_plus_eps:gain_matched_grid_repair_1.02x,cans_degree5_iter4_delta0.3,4,current_plus_eps,gain_matched_grid_repair_1.02x,0.001,1.0,1,0.0016071733693414447,0.013149712874184644,0.0013489367886616623,0.015667056101897645,False,False,0.9128535424532771,13
cans_degree5_iter4_delta0.3:steps=4:current_plus_eps:gain_matched_grid_repair_1.02x,cans_degree5_iter4_delta0.3,4,current_plus_eps,gain_matched_grid_repair_1.02x,0.0001,0.75,1,0.0006694329500821696,0.011036850034165217,0.0005618701448980375,0.013149712874184644,False,False,1.2171380566043695,17
cans_degree5_iter4_delta0.3:steps=4:current_plus_eps:gain_matched_grid_repair_1.02x,cans_degree5_iter4_delta0.3,4,current_plus_eps,gain_matched_grid_repair_1.02x,0.0001,0.9,1,0.0019148460186062853,0.007775044519174121,0.0016071733693414447,0.00926347668896959,False,False,0.6085690283021847,9
cans_degree5_iter4_delta0.3:steps=4:current_plus_eps:gain_matched_grid_repair_1.02x,cans_degree5_iter4_delta0.3,4,current_plus_eps,gain_matched_grid_repair_1.02x,0.0001,1.0,1,0.0019148460186062853,0.007775044519174121,0.0016071733693414447,0.00926347668896959,False,False,0.6085690283021847,9
cans_degree5_iter4_delta0.3:steps=4:current_plus_eps:gain_matched_grid_repair_1.02x,cans_degree5_iter4_delta0.3,4,current_plus_eps,gain_matched_grid_repair_1.02x,1e-05,0.75,1,0.0007975872694518065,0.005477225575051662,0.0006694329500821696,0.0065257698923257895,False,False,0.836782413915504,12
cans_degree5_iter4_delta0.3:steps=4:current_plus_eps:gain_matched_grid_repair_1.02x,cans_degree5_iter4_delta0.3,4,current_plus_eps,gain_matched_grid_repair_1.02x,1e-05,0.9,1,0.0022814186352993035,0.005477225575051662,0.0019148460186062853,0.0065257698923257895,False,False,0.38035564268886546,6
cans_degree5_iter4_delta0.3:steps=4:current_plus_eps:gain_matched_grid_repair_1.02x,cans_degree5_iter4_delta0.3,4,current_plus_eps,gain_matched_grid_repair_1.02x,1e-05,1.0,1,0.0022814186352993035,0.005477225575051662,0.0019148460186062853,0.0065257698923257895,False,False,0.38035564268886546,6
cans_degree5_iter4_delta0.3:steps=4:current_plus_eps:gain_only_unrepaired_control,cans_degree5_iter4_delta0.3,4,current_plus_eps,gain_only_unrepaired_control,0.001,0.75,1,0.00926347668896959,0.015667056101897645,0.007775044519174121,0.01866631227985865,False,False,0.22821338561331928,4
cans_degree5_iter4_delta0.3:steps=4:current_plus_eps:gain_only_unrepaired_control,cans_degree5_iter4_delta0.3,4,current_plus_eps,gain_only_unrepaired_control,0.001,0.9,0,,,,,False,False,0.0,0
cans_degree5_iter4_delta0.3:steps=4:current_plus_eps:gain_only_unrepaired_control,cans_degree5_iter4_delta0.3,4,current_plus_eps,gain_only_unrepaired_control,0.001,1.0,0,,,,,False,False,0.0,0
cans_degree5_iter4_delta0.3:steps=4:current_plus_eps:gain_only_unrepaired_control,cans_degree5_iter4_delta0.3,4,current_plus_eps,gain_only_unrepaired_control,0.0001,0.75,0,,,,,False,False,0.0,0
cans_degree5_iter4_delta0.3:steps=4:current_plus_eps:gain_only_unrepaired_control,cans_degree5_iter4_delta0.3,4,current_plus_eps,gain_only_unrepaired_control,0.0001,0.9,0,,,,,False,False,0.0,0
cans_degree5_iter4_delta0.3:steps=4:current_plus_eps:gain_only_unrepaired_control,cans_degree5_iter4_delta0.3,4,current_plus_eps,gain_only_unrepaired_control,0.0001,1.0,0,,,,,False,False,0.0,0
cans_degree5_iter4_delta0.3:steps=4:current_plus_eps:gain_only_unrepaired_control,cans_degree5_iter4_delta0.3,4,current_plus_eps,gain_only_unrepaired_control,1e-05,0.75,0,,,,,False,False,0.0,0
cans_degree5_iter4_delta0.3:steps=4:current_plus_eps:gain_only_unrepaired_control,cans_degree5_iter4_delta0.3,4,current_plus_eps,gain_only_unrepaired_control,1e-05,0.9,0,,,,,False,False,0.0,0
cans_degree5_iter4_delta0.3:steps=4:current_plus_eps:gain_only_unrepaired_control,cans_degree5_iter4_delta0.3,4,current_plus_eps,gain_only_unrepaired_control,1e-05,1.0,0,,,,,False,False,0.0,0
cans_degree5_iter4_delta0.3:steps=4:fixed_scale:fixed_scale_control,cans_degree5_iter4_delta0.3,4,fixed_scale,fixed_scale_control,0.001,0.75,2,0.013149712874184644,0.01866631227985865,0.011036850034165217,0.022239737437781862,False,False,0.1521422570755462,3
cans_degree5_iter4_delta0.3:steps=4:fixed_scale:fixed_scale_control,cans_degree5_iter4_delta0.3,4,fixed_scale,fixed_scale_control,0.001,0.9,1,0.037613438866218936,0.037613438866218936,0.031569805972774166,0.04481404746557166,False,False,0.0,1
cans_degree5_iter4_delta0.3:steps=4:fixed_scale:fixed_scale_control,cans_degree5_iter4_delta0.3,4,fixed_scale,fixed_scale_control,0.001,1.0,0,,,,,False,False,0.0,0
cans_degree5_iter4_delta0.3:steps=4:fixed_scale:fixed_scale_control,cans_degree5_iter4_delta0.3,4,fixed_scale,fixed_scale_control,0.0001,0.75,0,,,,,False,False,0.0,0
cans_degree5_iter4_delta0.3:steps=4:fixed_scale:fixed_scale_control,cans_degree5_iter4_delta0.3,4,fixed_scale,fixed_scale_control,0.0001,0.9,0,,,,,False,False,0.0,0
cans_degree5_iter4_delta0.3:steps=4:fixed_scale:fixed_scale_control,cans_degree5_iter4_delta0.3,4,fixed_scale,fixed_scale_control,0.0001,1.0,0,,,,,False,False,0.0,0
cans_degree5_iter4_delta0.3:steps=4:fixed_scale:fixed_scale_control,cans_degree5_iter4_delta0.3,4,fixed_scale,fixed_scale_control,1e-05,0.75,0,,,,,False,False,0.0,0
cans_degree5_iter4_delta0.3:steps=4:fixed_scale:fixed_scale_control,cans_degree5_iter4_delta0.3,4,fixed_scale,fixed_scale_control,1e-05,0.9,0,,,,,False,False,0.0,0
cans_degree5_iter4_delta0.3:steps=4:fixed_scale:fixed_scale_control,cans_degree5_iter4_delta0.3,4,fixed_scale,fixed_scale_control,1e-05,1.0,0,,,,,False,False,0.0,0
